__time,/RMSE/data,/RMSE/data.0,/RMSE/data.1,/RMSE/layout/data_offset
1669053302.896317,0.189511,,,
1669053303.096259,0.190665,,,
1669053303.296247,0.191464,,,
1669053303.496259,0.189958,,,
1669053303.696215,0.189338,,,
1669053303.896199,0.189338,,,
1669053304.096416,0.189338,,,
1669053304.296418,0.189338,,,
1669053304.496407,0.189458,,,
1669053304.696235,0.189458,,,
1669053304.896252,0.189767,,,
1669053305.096207,0.193388,,,
1669053305.296217,0.187734,,,
1669053305.496166,0.190298,,,
1669053305.696168,0.190298,,,
1669053305.896180,0.189653,,,
1669053306.096207,0.190535,,,
1669053306.296200,0.187335,,,
1669053306.496285,0.190287,,,
1669053306.696177,0.186706,,,
1669053306.896167,0.191219,,,
1669053307.096193,0.191219,,,
1669053307.296179,0.186659,,,
1669053307.496243,0.186659,,,
1669055372.998990,,0.006071,0.002876,0.000000
1669055373.199199,,0.002717,0.002930,0.000000
1669055373.399086,,0.002717,0.002930,0.000000
1669055373.599031,,0.002293,0.003285,0.000000
1669055373.801332,,0.002047,0.003893,0.000000
1669055373.999065,,0.002047,0.003893,0.000000
1669055374.199045,,0.002047,0.003893,0.000000
1669055374.399114,,0.002047,0.003893,0.000000
1669055374.599005,,0.002047,0.003893,0.000000
1669055374.798994,,0.003537,0.004492,0.000000
1669055374.999055,,0.003537,0.004492,0.000000
1669055375.199014,,0.003537,0.004492,0.000000
1669055375.399027,,0.001503,0.004955,0.000000
1669055375.599010,,0.001503,0.004955,0.000000
1669055375.798981,,0.001428,0.005120,0.000000
1669055375.998982,,0.001428,0.005120,0.000000
1669055376.199026,,0.001428,0.005120,0.000000
1669055376.398991,,0.005427,0.002081,0.000000
1669055376.599012,,0.005427,0.002081,0.000000
1669055376.799287,,0.000182,0.004316,0.000000
1669055376.999115,,0.002499,0.005812,0.000000
1669055377.199095,,0.005702,0.007639,0.000000
1669055377.399069,,0.005702,0.007639,0.000000
1669055377.599048,,0.009575,0.008249,0.000000
1669055377.799011,,0.008460,0.008139,0.000000
1669055377.999017,,0.008660,0.008345,0.000000
1669055378.199011,,0.010907,0.009534,0.000000
1669055378.399004,,0.010907,0.009534,0.000000
1669055378.599024,,0.014676,0.010310,0.000000
1669055378.799002,,0.021314,0.009866,0.000000
1669055378.999067,,0.021314,0.009866,0.000000
1669055379.199245,,0.023364,0.010724,0.000000
1669055379.399002,,0.023364,0.010724,0.000000
1669055379.599006,,0.023364,0.010724,0.000000
1669055379.798993,,0.023364,0.010724,0.000000
1669055379.998987,,0.027709,0.011369,0.000000
1669055380.199000,,0.027709,0.011369,0.000000
1669055380.399275,,0.027709,0.011369,0.000000
1669055380.599333,,0.030384,0.012138,0.000000
1669055380.799273,,0.034134,0.010520,0.000000
1669055380.999037,,0.034134,0.010520,0.000000
1669055381.199047,,0.033879,0.011988,0.000000
1669055381.399003,,0.036426,0.011480,0.000000
1669055381.599381,,0.036426,0.011480,0.000000
1669055381.799007,,0.040813,0.013954,0.000000
1669055381.999023,,0.040813,0.013954,0.000000
1669055382.199082,,0.040813,0.013954,0.000000
1669055382.398993,,0.040813,0.013954,0.000000
1669055382.598990,,0.044103,0.016908,0.000000
1669055382.799007,,0.044103,0.016908,0.000000
1669055382.999048,,0.044103,0.016908,0.000000
1669055383.199020,,0.044103,0.016908,0.000000
1669055383.399025,,0.050368,0.016582,0.000000
1669055383.598999,,0.050368,0.016582,0.000000
1669055383.799015,,0.050368,0.016582,0.000000
1669055383.999035,,0.050368,0.016582,0.000000
1669055384.199014,,0.053948,0.018716,0.000000
1669055384.399259,,0.054742,0.019960,0.000000
1669055384.599206,,0.057225,0.018477,0.000000
1669055384.799072,,0.057225,0.018477,0.000000
1669055384.999012,,0.057225,0.018477,0.000000
1669055385.199046,,0.057225,0.018477,0.000000
1669055385.399113,,0.062497,0.019854,0.000000
1669055385.599025,,0.062497,0.019854,0.000000
1669055385.799029,,0.062497,0.019854,0.000000
1669055385.999017,,0.062497,0.019854,0.000000
1669055386.198991,,0.065303,0.020542,0.000000
1669055386.399006,,0.065303,0.020542,0.000000
1669055386.599044,,0.069873,0.020159,0.000000
1669055386.799029,,0.069873,0.020159,0.000000
1669055386.999048,,0.074123,0.018601,0.000000
1669055387.199052,,0.074465,0.018738,0.000000
1669055387.399025,,0.074465,0.018738,0.000000
1669055387.599007,,0.074465,0.018738,0.000000
1669055387.798979,,0.074465,0.018738,0.000000
1669055387.999018,,0.074465,0.018738,0.000000
1669055388.199007,,0.078395,0.019219,0.000000
1669055388.399004,,0.079015,0.020479,0.000000
1669055388.599111,,0.079425,0.020029,0.000000
1669055388.799285,,0.079425,0.020029,0.000000
1669055388.999144,,0.082305,0.020341,0.000000
1669055389.199359,,0.080958,0.027920,0.000000
1669055389.399982,,0.083468,0.027137,0.000000
1669055389.599165,,0.084365,0.025463,0.000000
1669055389.798990,,0.080840,0.028838,0.000000
1669055389.999066,,0.080840,0.027596,0.000000
1669055390.199095,,0.086827,0.028077,0.000000
1669055390.399004,,0.091002,0.031049,0.000000
1669055390.599001,,0.091002,0.031049,0.000000
1669055390.798990,,0.093697,0.029043,0.000000
1669055390.999018,,0.093697,0.029043,0.000000
1669055391.199008,,0.093697,0.029043,0.000000
1669055391.399037,,0.093600,0.030353,0.000000
1669055391.599026,,0.093399,0.030461,0.000000
1669055391.799022,,0.092837,0.030748,0.000000
1669055391.998999,,0.092837,0.030748,0.000000
1669055392.199024,,0.092837,0.030748,0.000000
1669055392.399001,,0.097389,0.030854,0.000000
1669055392.599000,,0.097389,0.030854,0.000000
1669055392.799295,,0.097389,0.030854,0.000000
1669055392.999204,,0.100560,0.031541,0.000000
1669055393.199290,,0.098136,0.033311,0.000000
1669055393.399199,,0.106119,0.034723,0.000000
1669055393.599102,,0.109608,0.034634,0.000000
1669055393.799004,,0.109608,0.034634,0.000000
1669055393.999074,,0.106762,0.035357,0.000000
1669055394.199080,,0.106762,0.035357,0.000000
1669055394.399011,,0.106762,0.035357,0.000000
1669055394.599070,,0.106762,0.035357,0.000000
1669055394.799052,,0.107398,0.034720,0.000000
1669055394.999014,,0.107398,0.034720,0.000000
1669055395.199007,,0.107398,0.034720,0.000000
1669055395.399017,,0.111365,0.039062,0.000000
1669055395.598995,,0.112465,0.039211,0.000000
1669055395.799018,,0.111926,0.039231,0.000000
1669055395.999027,,0.111926,0.039231,0.000000
1669055396.199014,,0.111926,0.039231,0.000000
1669055396.399022,,0.111926,0.039231,0.000000
1669055396.599065,,0.111926,0.039231,0.000000
1669055396.798964,,0.111866,0.039053,0.000000
1669055396.998955,,0.111866,0.039053,0.000000
1669055397.199234,,0.115256,0.038564,0.000000
1669055397.399384,,0.116637,0.038369,0.000000
1669055397.599232,,0.114548,0.038649,0.000000
1669055397.799097,,0.114548,0.038649,0.000000
1669055397.999146,,0.116422,0.041826,0.000000
1669055398.199070,,0.116973,0.041780,0.000000
1669055398.399005,,0.116730,0.000000,0.000000
1669055398.599013,,0.116730,0.000000,0.000000
1669055398.799083,,0.119799,0.041807,0.000000
1669055398.999055,,0.119799,0.041807,0.000000
1669055399.199015,,0.119419,0.041606,0.000000
1669055399.399023,,0.118701,0.041633,0.000000
1669055399.598985,,0.118701,0.041633,0.000000
1669055399.798965,,0.118701,0.041633,0.000000
1669055399.999025,,0.118617,0.041483,0.000000
1669055400.198998,,0.118617,0.041483,0.000000
1669055400.398998,,0.118273,0.041562,0.000000
1669055400.599025,,0.115994,0.042080,0.000000
1669055400.799008,,0.115994,0.042080,0.000000
1669055400.998991,,0.115926,0.042108,0.000000
1669055401.199026,,0.116851,0.042043,0.000000
1669055401.399222,,0.116851,0.042043,0.000000
1669055401.599370,,0.116851,0.042043,0.000000
1669055401.799161,,0.120257,0.042481,0.000000
1669055401.999076,,0.120257,0.042481,0.000000
1669055402.199022,,0.113375,0.041450,0.000000
1669055402.399037,,0.114383,0.038097,0.000000
1669055402.599034,,0.110572,0.036708,0.000000
1669055402.799031,,0.110692,0.036540,0.000000
1669055402.999009,,0.110030,0.036004,0.000000
1669055403.198996,,0.109818,0.036099,0.000000
1669055403.398990,,0.109467,0.036021,0.000000
1669055403.598998,,0.109282,0.036034,0.000000
1669055403.799005,,0.110023,0.036114,0.000000
1669055403.999019,,0.107631,0.036411,0.000000
1669055404.199044,,0.108064,0.036441,0.000000
1669055404.399018,,0.108064,0.036441,0.000000
1669055404.600058,,0.108064,0.036441,0.000000
1669055404.799004,,0.103186,0.036020,0.000000
1669055404.999003,,0.103186,0.036020,0.000000
1669055405.199007,,0.100697,0.036350,0.000000
1669055405.399225,,0.100124,0.034912,0.000000
1669055405.599284,,0.100124,0.034912,0.000000
1669055405.799096,,0.100124,0.034912,0.000000
1669055405.999015,,0.100124,0.034912,0.000000
1669055406.199031,,0.099111,0.035013,0.000000
1669055406.398995,,0.099111,0.035013,0.000000
1669055406.599007,,0.099111,0.035013,0.000000
1669055406.799031,,0.097774,0.034974,0.000000
1669055406.999028,,0.097650,0.034793,0.000000
1669055407.199040,,0.097650,0.034793,0.000000
1669055407.399004,,0.097650,0.034793,0.000000
1669055407.599089,,0.094947,0.037268,0.000000
1669055407.799014,,0.094947,0.037268,0.000000
1669055407.999006,,0.094947,0.037268,0.000000
1669055408.199013,,0.090891,0.037970,0.000000
1669055408.399004,,0.091234,0.037121,0.000000
1669055408.599069,,0.088720,0.037867,0.000000
1669055408.798983,,0.089601,0.037562,0.000000
1669055408.998991,,0.089601,0.037562,0.000000
1669055409.198987,,0.081683,0.037292,0.000000
1669055409.399074,,0.080520,0.036881,0.000000
1669055409.599077,,0.082438,0.037545,0.000000
1669055409.799266,,0.082438,0.037545,0.000000
1669055409.999182,,0.076095,0.037172,0.000000
1669055410.199106,,0.076095,0.037172,0.000000
1669055410.399098,,0.076095,0.037172,0.000000
1669055410.599766,,0.076095,0.037172,0.000000
1669055410.799093,,0.076095,0.037172,0.000000
1669055410.999090,,0.077292,0.037169,0.000000
1669055411.199017,,0.080677,0.037900,0.000000
1669055411.399009,,0.076678,0.038268,0.000000
1669055411.599018,,0.073741,0.039006,0.000000
1669055411.799013,,0.070896,0.038632,0.000000
1669055411.999034,,0.070896,0.038632,0.000000
1669055412.199942,,0.068448,0.037679,0.000000
1669055412.399117,,0.068448,0.037679,0.000000
1669055412.599036,,0.066516,0.037668,0.000000
1669055412.799038,,0.067122,0.036945,0.000000
1669055412.998989,,0.065944,0.036916,0.000000
1669055413.199022,,0.062321,0.037006,0.000000
1669055413.399109,,0.059192,0.035844,0.000000
1669055413.599135,,0.059192,0.035844,0.000000
1669055413.799288,,0.055780,0.035374,0.000000
1669055413.999168,,0.055780,0.035374,0.000000
1669055414.199053,,0.055356,0.036204,0.000000
1669055414.399072,,0.055356,0.036204,0.000000
1669055414.599016,,0.054094,0.036373,0.000000
1669055414.799022,,0.054094,0.036373,0.000000
1669055414.999023,,0.051380,0.037241,0.000000
1669055415.198998,,0.051380,0.037241,0.000000
1669055415.398990,,0.050141,0.037240,0.000000
1669055415.599002,,0.050141,0.037240,0.000000
1669055415.799006,,0.050141,0.037240,0.000000
1669055415.999019,,0.040184,0.038779,0.000000
1669055416.199003,,0.040498,0.038247,0.000000
1669055416.399018,,0.041408,0.038129,0.000000
1669055416.599018,,0.035269,0.038464,0.000000
1669055416.799029,,0.034952,0.038483,0.000000
1669055416.998980,,0.034761,0.041532,0.000000
1669055417.198986,,0.034366,0.041214,0.000000
1669055417.399010,,0.028336,0.041441,0.000000
1669055417.599232,,0.030137,0.043225,0.000000
1669055417.799233,,0.033224,0.044385,0.000000
1669055417.999185,,0.033224,0.044385,0.000000
1669055418.199287,,0.032685,0.044539,0.000000
1669055418.399114,,0.032685,0.044539,0.000000
1669055418.599058,,0.032685,0.044539,0.000000
1669055418.799055,,0.032685,0.044539,0.000000
1669055418.999004,,0.024158,0.045046,0.000000
1669055419.199031,,0.023216,0.045468,0.000000
1669055419.398991,,0.023216,0.045468,0.000000
1669055419.599017,,0.023216,0.045468,0.000000
1669055419.799312,,0.023242,0.044457,0.000000
1669055419.999093,,0.019297,0.045108,0.000000
1669055420.198999,,0.018331,0.045234,0.000000
1669055420.399018,,0.018331,0.045234,0.000000
1669055420.599038,,0.018331,0.045234,0.000000
1669055420.798997,,0.018331,0.045234,0.000000
1669055420.999867,,0.018331,0.045234,0.000000
1669055421.198998,,0.020662,0.044191,0.000000
1669055421.398995,,0.018631,0.046370,0.000000
1669055421.599305,,0.018631,0.046370,0.000000
1669055421.799245,,0.016433,0.047657,0.000000
1669055421.999202,,0.016433,0.047657,0.000000
1669055422.199069,,0.016476,0.047372,0.000000
1669055422.399012,,0.019209,0.045385,0.000000
1669055422.599022,,0.020088,0.047633,0.000000
1669055422.799044,,0.020774,0.043999,0.000000
1669055422.999042,,0.020774,0.043999,0.000000
1669055423.199019,,0.020141,0.045042,0.000000
1669055423.399008,,0.024204,0.046620,0.000000
1669055423.599000,,0.023606,0.045633,0.000000
1669055423.799003,,0.025536,0.046465,0.000000
1669055423.999059,,0.025547,0.046855,0.000000
1669055424.198989,,0.028407,0.046437,0.000000
1669055424.398994,,0.031525,0.046595,0.000000
1669055424.599017,,0.031525,0.046595,0.000000
1669055424.799134,,0.033439,0.046471,0.000000
1669055424.999012,,0.033439,0.046471,0.000000
1669055425.199008,,0.035698,0.048084,0.000000
1669055425.399042,,0.035698,0.048084,0.000000
1669055425.599017,,0.035698,0.048084,0.000000
1669055425.799040,,0.035698,0.048084,0.000000
1669055425.998995,,0.041410,0.047913,0.000000
1669055426.198990,,0.041410,0.047913,0.000000
1669055426.399306,,0.041410,0.047913,0.000000
1669055426.599240,,0.041410,0.047913,0.000000
1669055426.799163,,0.041410,0.047913,0.000000
1669055426.999133,,0.048417,0.045301,0.000000
1669055427.199046,,0.048417,0.045301,0.000000
1669055427.399086,,0.048417,0.045301,0.000000
1669055427.599068,,0.053325,0.045375,0.000000
1669055427.799081,,0.053325,0.045375,0.000000
1669055427.999024,,0.053325,0.045375,0.000000
1669055428.199025,,0.053325,0.045375,0.000000
1669055428.399029,,0.053325,0.045375,0.000000
1669055428.599102,,0.060281,0.047200,0.000000
1669055428.799006,,0.060281,0.047200,0.000000
1669055428.998992,,0.060281,0.047200,0.000000
1669055429.198986,,0.060281,0.047200,0.000000
1669055429.398988,,0.060281,0.047200,0.000000
1669055429.599036,,0.060281,0.047200,0.000000
1669055429.798986,,0.067503,0.047576,0.000000
1669055429.998999,,0.067503,0.047576,0.000000
1669055430.199007,,0.067503,0.047576,0.000000
1669055430.399152,,0.071394,0.049843,0.000000
1669055430.599256,,0.073597,0.052746,0.000000
1669055430.799204,,0.073597,0.052746,0.000000
1669055430.999119,,0.077307,0.050139,0.000000
1669055431.199166,,0.077307,0.050139,0.000000
1669055431.399000,,0.078393,0.048747,0.000000
1669055431.599064,,0.078785,0.049107,0.000000
1669055431.799615,,0.080902,0.049498,0.000000
1669055431.999022,,0.083542,0.047874,0.000000
1669055432.199011,,0.083542,0.047874,0.000000
1669055432.399047,,0.083542,0.047874,0.000000
1669055432.599034,,0.087432,0.047389,0.000000
1669055432.799066,,0.087432,0.047389,0.000000
1669055432.998986,,0.085427,0.047693,0.000000
1669055433.199002,,0.085427,0.047693,0.000000
1669055433.399013,,0.085427,0.047693,0.000000
1669055433.598965,,0.090991,0.046845,0.000000
1669055433.799073,,0.094925,0.048685,0.000000
1669055433.998947,,0.094131,0.049499,0.000000
1669055434.198992,,0.096735,0.050331,0.000000
1669055434.399191,,0.096735,0.050331,0.000000
1669055434.599145,,0.098172,0.051408,0.000000
1669055434.799107,,0.101681,0.051355,0.000000
1669055434.999292,,0.103632,0.051935,0.000000
1669055435.199060,,0.106724,0.051278,0.000000
1669055435.399087,,0.100536,0.050547,0.000000
1669055435.598989,,0.104179,0.049962,0.000000
1669055435.799000,,0.103918,0.050273,0.000000
1669055435.999049,,0.103237,0.050067,0.000000
1669055436.198987,,0.103237,0.050067,0.000000
1669055436.399096,,0.105445,0.049679,0.000000
1669055436.599026,,0.105445,0.049679,0.000000
1669055436.799105,,0.106173,0.049497,0.000000
1669055436.999016,,0.109204,0.049731,0.000000
1669055437.198993,,0.109204,0.049731,0.000000
1669055437.399073,,0.111654,0.049949,0.000000
1669055437.599036,,0.107465,0.051048,0.000000
1669055437.799013,,0.107465,0.051048,0.000000
1669055437.998984,,0.107465,0.051048,0.000000
1669055438.198926,,0.113125,0.051581,0.000000
1669055438.398950,,0.114162,0.051707,0.000000
1669055438.598922,,0.117524,0.051376,0.000000
1669055438.799170,,0.117533,0.051184,0.000000
1669055438.999187,,0.117533,0.051184,0.000000
1669055439.199050,,0.117533,0.051184,0.000000
1669055439.399039,,0.117533,0.051184,0.000000
1669055439.599098,,0.117533,0.051184,0.000000
1669055439.799001,,0.119225,0.051199,0.000000
1669055439.998994,,0.119225,0.051199,0.000000
1669055440.199035,,0.117617,0.053352,0.000000
1669055440.399006,,0.117242,0.053542,0.000000
1669055440.599001,,0.117242,0.053542,0.000000
1669055440.798998,,0.117242,0.053542,0.000000
1669055440.999007,,0.122227,0.053720,0.000000
1669055441.198920,,0.124797,0.050943,0.000000
1669055441.398992,,0.124797,0.050943,0.000000
1669055441.598929,,0.123254,0.050330,0.000000
1669055441.798954,,0.123254,0.050330,0.000000
1669055441.998999,,0.123254,0.050330,0.000000
1669055442.198980,,0.122027,0.050269,0.000000
1669055442.398998,,0.122027,0.050269,0.000000
1669055442.599168,,0.122027,0.050269,0.000000
1669055442.799179,,0.122027,0.050269,0.000000
1669055442.999169,,0.122027,0.050269,0.000000
1669055443.199099,,0.122027,0.050269,0.000000
1669055443.399043,,0.122027,0.050269,0.000000
1669055443.598982,,0.122027,0.050269,0.000000
1669055443.799011,,0.119580,0.050771,0.000000
1669055443.998980,,0.122260,0.049062,0.000000
1669055444.198983,,0.122260,0.049062,0.000000
1669055444.398952,,0.123418,0.048887,0.000000
1669055444.599054,,0.123418,0.048887,0.000000
1669055444.798897,,0.127245,0.047673,0.000000
1669055444.998945,,0.126569,0.048087,0.000000
1669055445.198966,,0.120614,0.049035,0.000000
1669055445.398995,,0.120614,0.049035,0.000000
1669055445.598909,,0.120891,0.047334,0.000000
1669055445.798975,,0.120891,0.047334,0.000000
1669055445.998907,,0.119756,0.047337,0.000000
1669055446.199023,,0.119756,0.047337,0.000000
1669055446.398973,,0.119756,0.047337,0.000000
1669055446.599246,,0.119756,0.047337,0.000000
1669055446.798994,,0.119805,0.047416,0.000000
1669055446.999183,,0.120019,0.046963,0.000000
1669055447.198967,,0.119809,0.051022,0.000000
1669055447.398941,,0.121006,0.051535,0.000000
1669055447.598998,,0.119704,0.051473,0.000000
1669055447.799009,,0.119704,0.051473,0.000000
1669055447.998974,,0.117895,0.051647,0.000000
1669055448.198987,,0.117895,0.051647,0.000000
1669055448.398977,,0.117895,0.051647,0.000000
1669055448.598934,,0.115275,0.051174,0.000000
1669055448.798894,,0.110848,0.052114,0.000000
1669055448.998959,,0.110848,0.052114,0.000000
1669055449.198905,,0.113998,0.051005,0.000000
1669055449.398984,,0.113998,0.051005,0.000000
1669055449.598982,,0.113998,0.051005,0.000000
1669055449.799213,,0.113998,0.051005,0.000000
1669055449.998986,,0.113998,0.051005,0.000000
1669055450.199126,,0.113998,0.051005,0.000000
1669055450.398970,,0.110211,0.052714,0.000000
1669055450.599006,,0.110211,0.052714,0.000000
1669055450.799067,,0.110211,0.052714,0.000000
1669055450.998984,,0.112429,0.049381,0.000000
1669055451.199011,,0.112429,0.049381,0.000000
1669055451.398924,,0.107408,0.051836,0.000000
1669055451.598974,,0.107408,0.051836,0.000000
1669055451.799017,,0.107408,0.051836,0.000000
1669055451.998999,,0.107408,0.051836,0.000000
1669055452.198962,,0.107408,0.051836,0.000000
1669055452.398909,,0.106478,0.050956,0.000000
1669055452.599035,,0.106478,0.050956,0.000000
1669055452.798978,,0.106478,0.050956,0.000000
1669055452.999019,,0.106478,0.050956,0.000000
1669055453.198902,,0.099836,0.051109,0.000000
1669055453.398999,,0.099836,0.051109,0.000000
1669055453.598965,,0.096288,0.050732,0.000000
1669055453.798939,,0.093612,0.051437,0.000000
1669055453.999141,,0.093612,0.051437,0.000000
1669055454.199456,,0.090115,0.051086,0.000000
1669055454.398961,,0.092372,0.050599,0.000000
1669055454.599000,,0.088805,0.051731,0.000000
1669055454.798937,,0.090751,0.051390,0.000000
1669055454.998950,,0.095604,0.051793,0.000000
1669055455.198922,,0.092111,0.052257,0.000000
1669055455.399034,,0.092620,0.052440,0.000000
1669055455.598992,,0.092620,0.052440,0.000000
1669055455.798999,,0.092620,0.052440,0.000000
1669055455.998988,,0.092620,0.052440,0.000000
1669055456.198967,,0.092620,0.052440,0.000000
1669055456.398889,,0.081627,0.052964,0.000000
1669055456.598979,,0.081627,0.052964,0.000000
1669055456.798881,,0.077099,0.055276,0.000000
1669055456.998883,,0.078653,0.055252,0.000000
1669055457.198965,,0.078653,0.055252,0.000000
1669055457.398988,,0.078653,0.055252,0.000000
1669055457.599493,,0.074215,0.055922,0.000000
1669055457.798854,,0.074697,0.056325,0.000000
1669055457.999122,,0.071817,0.057195,0.000000
1669055458.199714,,0.071295,0.057191,0.000000
1669055458.399398,,0.068971,0.057683,0.000000
1669055458.598990,,0.068971,0.057683,0.000000
1669055458.799270,,0.065853,0.057594,0.000000
1669055458.999029,,0.065853,0.057594,0.000000
1669055459.198916,,0.057180,0.055614,0.000000
1669055459.398911,,0.057418,0.056207,0.000000
1669055459.598873,,0.056806,0.055605,0.000000
1669055459.798970,,0.056806,0.055605,0.000000
1669055459.998990,,0.056806,0.055605,0.000000
1669055460.198879,,0.054967,0.055433,0.000000
1669055460.399039,,0.054967,0.055433,0.000000
1669055460.598983,,0.049524,0.054765,0.000000
1669055460.798892,,0.051478,0.053389,0.000000
1669055460.998888,,0.048860,0.053374,0.000000
1669055461.199001,,0.048860,0.053374,0.000000
1669055461.399112,,0.048860,0.053374,0.000000
1669055461.599784,,0.045378,0.056041,0.000000
1669055461.799222,,0.045378,0.056041,0.000000
1669055461.999203,,0.045378,0.056041,0.000000
1669055462.199059,,0.042913,0.057222,0.000000
1669055462.398984,,0.042913,0.057222,0.000000
1669055462.599037,,0.040330,0.057081,0.000000
1669055462.799006,,0.040330,0.057081,0.000000
1669055462.999016,,0.040330,0.057081,0.000000
1669055463.198994,,0.040155,0.057738,0.000000
1669055463.399003,,0.040155,0.057738,0.000000
1669055463.598971,,0.040155,0.057738,0.000000
1669055463.799025,,0.040252,0.057965,0.000000
1669055463.998955,,0.040252,0.057965,0.000000
1669055464.199133,,0.040252,0.057965,0.000000
1669055464.399086,,0.032453,0.059947,0.000000
1669055464.599032,,0.032453,0.059947,0.000000
1669055464.799119,,0.032453,0.059947,0.000000
1669055464.998981,,0.027550,0.060778,0.000000
1669055465.199055,,0.027550,0.060778,0.000000
1669055465.399171,,0.025153,0.059963,0.000000
1669055465.599158,,0.025153,0.059963,0.000000
1669055465.799071,,0.024333,0.060282,0.000000
1669055465.999103,,0.023980,0.060154,0.000000
1669055466.199099,,0.023980,0.060154,0.000000
1669055466.399033,,0.023980,0.060154,0.000000
1669055466.599092,,0.023980,0.060154,0.000000
1669055466.799001,,0.023980,0.060154,0.000000
1669055466.998996,,0.028130,0.060551,0.000000
1669055467.199088,,0.028130,0.060551,0.000000
1669055467.399107,,0.027191,0.062913,0.000000
1669055467.599083,,0.022261,0.064265,0.000000
1669055467.799029,,0.022261,0.064265,0.000000
1669055467.998997,,0.022261,0.064265,0.000000
1669055468.198993,,0.024794,0.062842,0.000000
1669055468.399106,,0.027668,0.061178,0.000000
1669055468.599070,,0.025663,0.060310,0.000000
1669055468.799056,,0.035193,0.060349,0.000000
1669055468.999279,,0.035193,0.060349,0.000000
1669055469.199366,,0.035193,0.060349,0.000000
1669055469.399289,,0.035193,0.060349,0.000000
1669055469.599076,,0.035193,0.060349,0.000000
1669055469.799097,,0.035193,0.060349,0.000000
1669055469.999057,,0.035193,0.060349,0.000000
1669055470.199510,,0.036394,0.061682,0.000000
1669055470.399304,,0.038325,0.061658,0.000000
1669055470.599087,,0.038325,0.061658,0.000000
1669055470.799109,,0.042501,0.061333,0.000000
1669055470.999062,,0.042336,0.061420,0.000000
1669055471.199056,,0.048430,0.060197,0.000000
1669055471.399079,,0.048430,0.060197,0.000000
1669055471.599010,,0.048430,0.060197,0.000000
1669055471.799000,,0.052814,0.061830,0.000000
1669055471.999004,,0.052814,0.061830,0.000000
1669055472.199067,,0.052814,0.061830,0.000000
1669055472.399074,,0.052814,0.061830,0.000000
1669055472.599245,,0.052814,0.061830,0.000000
1669055472.799326,,0.055405,0.063041,0.000000
1669055472.999287,,0.055405,0.063041,0.000000
1669055473.199099,,0.055405,0.063041,0.000000
1669055473.399121,,0.057890,0.062810,0.000000
1669055473.599046,,0.057890,0.062810,0.000000
1669055473.799085,,0.063752,0.060630,0.000000
1669055473.999080,,0.066638,0.060381,0.000000
1669055474.199087,,0.065915,0.061646,0.000000
1669055474.399099,,0.065915,0.061646,0.000000
1669055474.599037,,0.065915,0.061646,0.000000
1669055474.798969,,0.072738,0.062689,0.000000
1669055474.999013,,0.073686,0.061090,0.000000
1669055475.199052,,0.073686,0.061090,0.000000
1669055475.399030,,0.075171,0.061280,0.000000
1669055475.599069,,0.075171,0.061280,0.000000
1669055475.799142,,0.075171,0.061280,0.000000
1669055475.999009,,0.075171,0.061280,0.000000
1669055476.199053,,0.075171,0.061280,0.000000
1669055476.399056,,0.081115,0.060005,0.000000
1669055476.599352,,0.081115,0.060005,0.000000
1669055476.799200,,0.089266,0.062339,0.000000
1669055476.999188,,0.087773,0.060838,0.000000
1669055477.199157,,0.087773,0.060838,0.000000
1669055477.399327,,0.088028,0.060562,0.000000
1669055477.599030,,0.090029,0.059267,0.000000
1669055477.798993,,0.091601,0.059296,0.000000
1669055477.999028,,0.091601,0.059296,0.000000
1669055478.199018,,0.091980,0.059227,0.000000
1669055478.399072,,0.092308,0.059255,0.000000
1669055478.599021,,0.092308,0.059255,0.000000
1669055478.799016,,0.096038,0.058805,0.000000
1669055478.999080,,0.094926,0.058413,0.000000
1669055479.199041,,0.097365,0.058158,0.000000
1669055479.399028,,0.097681,0.058621,0.000000
1669055479.599037,,0.099829,0.058120,0.000000
1669055479.799090,,0.100640,0.058461,0.000000
1669055479.999037,,0.102570,0.058438,0.000000
1669055480.199074,,0.102934,0.058052,0.000000
1669055480.399106,,0.104646,0.058663,0.000000
1669055480.599126,,0.108663,0.060232,0.000000
1669055480.799120,,0.107786,0.060732,0.000000
1669055480.999067,,0.105100,0.059796,0.000000
1669055481.199064,,0.107060,0.059061,0.000000
1669055481.399084,,0.109241,0.058914,0.000000
1669055481.599090,,0.108125,0.058646,0.000000
1669055481.799016,,0.108934,0.058619,0.000000
1669055481.999056,,0.108934,0.058619,0.000000
1669055482.199075,,0.108934,0.058619,0.000000
1669055482.399079,,0.112914,0.057874,0.000000
1669055482.599046,,0.122594,0.059233,0.000000
1669055482.799085,,0.122594,0.059233,0.000000
1669055482.999039,,0.122594,0.059233,0.000000
1669055483.199028,,0.115154,0.061084,0.000000
1669055483.398967,,0.115154,0.061084,0.000000
1669055483.599062,,0.115154,0.061084,0.000000
1669055483.799035,,0.115154,0.061084,0.000000
1669055483.999048,,0.121424,0.063163,0.000000
1669055484.199081,,0.121424,0.063163,0.000000
1669055484.399071,,0.121424,0.063163,0.000000
1669055484.599279,,0.121424,0.063163,0.000000
1669055484.799211,,0.121424,0.063163,0.000000
1669055484.999166,,0.121675,0.065347,0.000000
1669055485.199054,,0.121675,0.065347,0.000000
1669055485.399064,,0.123670,0.064794,0.000000
1669055485.599057,,0.127570,0.064873,0.000000
1669055485.799038,,0.127570,0.064873,0.000000
1669055485.999077,,0.127570,0.064873,0.000000
1669055486.199035,,0.126553,0.064342,0.000000
1669055486.399002,,0.127633,0.064788,0.000000
1669055486.598991,,0.126581,0.064570,0.000000
1669055486.798988,,0.126581,0.064570,0.000000
1669055486.999032,,0.126581,0.064570,0.000000
1669055487.199059,,0.126581,0.064570,0.000000
1669055487.399002,,0.126591,0.064357,0.000000
1669055487.599064,,0.126591,0.064357,0.000000
1669055487.799013,,0.124936,0.064427,0.000000
1669055487.999057,,0.124936,0.064427,0.000000
1669055488.199047,,0.124936,0.064427,0.000000
1669055488.399308,,0.124936,0.064427,0.000000
1669055488.599310,,0.126270,0.000000,0.000000
1669055488.799277,,0.126270,0.000000,0.000000
1669055488.999378,,0.126270,0.000000,0.000000
1669055489.199125,,0.126270,0.000000,0.000000
1669055489.399247,,0.126270,0.000000,0.000000
1669055489.599048,,0.126270,0.000000,0.000000
1669055489.799008,,0.126270,0.000000,0.000000
1669055489.999077,,0.126270,0.000000,0.000000
1669055490.199027,,0.128809,0.062708,0.000000
1669055490.399019,,0.128809,0.062708,0.000000
1669055490.599017,,0.128809,0.062708,0.000000
1669055490.799067,,0.128809,0.062708,0.000000
1669055490.999055,,0.128809,0.062708,0.000000
1669055491.199016,,0.129519,0.064499,0.000000
1669055491.399067,,0.128066,0.065760,0.000000
1669055491.599075,,0.128066,0.065760,0.000000
1669055491.799084,,0.128066,0.065760,0.000000
1669055491.999099,,0.123968,0.068997,0.000000
1669055492.199084,,0.127981,0.067026,0.000000
1669055492.399073,,0.127894,0.066927,0.000000
1669055492.599078,,0.128723,0.069432,0.000000
1669055492.799265,,0.127264,0.072464,0.000000
1669055492.999263,,0.124659,0.071821,0.000000
1669055493.199293,,0.127296,0.072906,0.000000
1669055493.399220,,0.126382,0.073274,0.000000
1669055493.599103,,0.125014,0.073161,0.000000
1669055493.799058,,0.125074,0.073192,0.000000
1669055493.999032,,0.125074,0.073192,0.000000
1669055494.199076,,0.125074,0.073192,0.000000
1669055494.399035,,0.125074,0.073192,0.000000
1669055494.599004,,0.125074,0.073192,0.000000
1669055494.799024,,0.125074,0.073192,0.000000
1669055494.999103,,0.120908,0.073372,0.000000
1669055495.199080,,0.120908,0.073372,0.000000
1669055495.399072,,0.120908,0.073372,0.000000
1669055495.599022,,0.117253,0.075323,0.000000
1669055495.799004,,0.119939,0.074624,0.000000
1669055495.999048,,0.117230,0.075881,0.000000
1669055496.199054,,0.117230,0.075881,0.000000
1669055496.399093,,0.117230,0.075881,0.000000
1669055496.599086,,0.116503,0.075351,0.000000
1669055496.799030,,0.116503,0.075351,0.000000
1669055496.998998,,0.116503,0.075351,0.000000
1669055497.199281,,0.116503,0.075351,0.000000
1669055497.399259,,0.116503,0.075351,0.000000
1669055497.599266,,0.116503,0.075351,0.000000
1669055497.799340,,0.113190,0.075198,0.000000
1669055497.999207,,0.113190,0.075198,0.000000
1669055498.199174,,0.113190,0.075198,0.000000
1669055498.399095,,0.112061,0.075095,0.000000
1669055498.599068,,0.112061,0.075095,0.000000
1669055498.799016,,0.106866,0.076575,0.000000
1669055498.999049,,0.102398,0.075433,0.000000
1669055499.199123,,0.102398,0.075433,0.000000
1669055499.399039,,0.095519,0.074652,0.000000
1669055499.599086,,0.095519,0.074652,0.000000
1669055499.799028,,0.096402,0.073550,0.000000
1669055499.999000,,0.096402,0.073550,0.000000
1669055500.199088,,0.099842,0.072790,0.000000
1669055500.399074,,0.093374,0.071658,0.000000
1669055500.599145,,0.093374,0.071658,0.000000
1669055500.799050,,0.093374,0.071658,0.000000
1669055500.999040,,0.091610,0.071605,0.000000
1669055501.199292,,0.089523,0.071677,0.000000
1669055501.399318,,0.091916,0.071405,0.000000
1669055501.599327,,0.090075,0.071437,0.000000
1669055501.799163,,0.087363,0.072692,0.000000
1669055501.999160,,0.082881,0.072295,0.000000
1669055502.199053,,0.086379,0.071914,0.000000
1669055502.399019,,0.082441,0.072411,0.000000
1669055502.599062,,0.082441,0.072411,0.000000
1669055502.799033,,0.078657,0.072227,0.000000
1669055502.999101,,0.078931,0.071995,0.000000
1669055503.199057,,0.075800,0.072787,0.000000
1669055503.399022,,0.076508,0.072453,0.000000
1669055503.599133,,0.072895,0.073501,0.000000
1669055503.799170,,0.074196,0.074086,0.000000
1669055503.999053,,0.074196,0.074086,0.000000
1669055504.199091,,0.074196,0.074086,0.000000
1669055504.399111,,0.074196,0.074086,0.000000
1669055504.599252,,0.074196,0.074086,0.000000
1669055504.799059,,0.074196,0.074086,0.000000
1669055504.999166,,0.074196,0.074086,0.000000
1669055505.199171,,0.074196,0.074086,0.000000
1669055505.399323,,0.074196,0.074086,0.000000
1669055505.599285,,0.074196,0.074086,0.000000
1669055505.799316,,0.074196,0.074086,0.000000
1669055505.999243,,0.074196,0.074086,0.000000
1669055506.199071,,0.054687,0.069794,0.000000
1669055506.399016,,0.054687,0.069794,0.000000
1669055506.599021,,0.054687,0.069794,0.000000
1669055506.799098,,0.049302,0.070781,0.000000
1669055506.999048,,0.049302,0.070781,0.000000
1669055507.199003,,0.049302,0.070781,0.000000
1669055507.399027,,0.045475,0.068159,0.000000
1669055507.599055,,0.044945,0.068110,0.000000
1669055507.799071,,0.039440,0.068436,0.000000
1669055507.999003,,0.039440,0.068436,0.000000
1669055508.199101,,0.039440,0.068436,0.000000
1669055508.399057,,0.040036,0.068080,0.000000
1669055508.599076,,0.040036,0.068080,0.000000
1669055508.799063,,0.040036,0.068080,0.000000
1669055508.999072,,0.040036,0.068080,0.000000
1669055509.199045,,0.041367,0.069999,0.000000
1669055509.399396,,0.041367,0.069999,0.000000
1669055509.599258,,0.039177,0.070334,0.000000
1669055509.799114,,0.039177,0.070334,0.000000
1669055509.999110,,0.039177,0.070334,0.000000
1669055510.199096,,0.035396,0.070660,0.000000
1669055510.399030,,0.035396,0.070660,0.000000
1669055510.599102,,0.035396,0.070660,0.000000
1669055510.799015,,0.031946,0.071276,0.000000
1669055510.999086,,0.030300,0.071684,0.000000
1669055511.199002,,0.029370,0.071711,0.000000
1669055511.399004,,0.029370,0.071711,0.000000
1669055511.599023,,0.029370,0.071711,0.000000
1669055511.799079,,0.029370,0.071711,0.000000
1669055511.999117,,0.029370,0.071711,0.000000
1669055512.198995,,0.029370,0.071711,0.000000
1669055512.399061,,0.031643,0.070599,0.000000
1669055512.599088,,0.031997,0.072332,0.000000
1669055512.799090,,0.031346,0.072467,0.000000
1669055512.999098,,0.033576,0.072588,0.000000
1669055513.199288,,0.036490,0.072076,0.000000
1669055513.399345,,0.038447,0.073639,0.000000
1669055513.599249,,0.035579,0.072718,0.000000
1669055513.799148,,0.034728,0.072798,0.000000
1669055513.999037,,0.037455,0.072747,0.000000
1669055514.199012,,0.037455,0.072747,0.000000
1669055514.399029,,0.040697,0.073045,0.000000
1669055514.598996,,0.042944,0.072700,0.000000
1669055514.799068,,0.039689,0.072917,0.000000
1669055514.999060,,0.042253,0.072575,0.000000
1669055515.199094,,0.040839,0.072820,0.000000
1669055515.399118,,0.040839,0.072820,0.000000
1669055515.599155,,0.045891,0.072586,0.000000
1669055515.799069,,0.049795,0.072566,0.000000
1669055515.998980,,0.049795,0.072566,0.000000
1669055516.199054,,0.052522,0.072664,0.000000
1669055516.399061,,0.051685,0.072402,0.000000
1669055516.599095,,0.051685,0.072402,0.000000
1669055516.798985,,0.052638,0.073467,0.000000
1669055516.999258,,0.058311,0.073525,0.000000
1669055517.199273,,0.058311,0.073525,0.000000
1669055517.399311,,0.058311,0.073525,0.000000
1669055517.599207,,0.058311,0.073525,0.000000
1669055517.799081,,0.058311,0.073525,0.000000
1669055517.999046,,0.062355,0.073673,0.000000
1669055518.199059,,0.062355,0.073673,0.000000
1669055518.399047,,0.062355,0.073673,0.000000
1669055518.598990,,0.062355,0.073673,0.000000
1669055518.799044,,0.068131,0.074220,0.000000
1669055518.999009,,0.068131,0.074220,0.000000
1669055519.198997,,0.068131,0.074220,0.000000
1669055519.399045,,0.068131,0.074220,0.000000
1669055519.599022,,0.068131,0.074220,0.000000
1669055519.798978,,0.074771,0.072948,0.000000
1669055519.999100,,0.079686,0.072710,0.000000
1669055520.199094,,0.079686,0.072710,0.000000
1669055520.399089,,0.079686,0.072710,0.000000
1669055520.599040,,0.083198,0.072604,0.000000
1669055520.799113,,0.083198,0.072604,0.000000
1669055520.999105,,0.084588,0.072552,0.000000
1669055521.199138,,0.084588,0.072552,0.000000
1669055521.399258,,0.087520,0.072369,0.000000
1669055521.599305,,0.087520,0.072369,0.000000
1669055521.799153,,0.090337,0.073396,0.000000
1669055521.999012,,0.090337,0.073396,0.000000
1669055522.199019,,0.092078,0.073322,0.000000
1669055522.399037,,0.094632,0.072661,0.000000
1669055522.599014,,0.094632,0.072661,0.000000
1669055522.799052,,0.094632,0.072661,0.000000
1669055522.999003,,0.095547,0.073642,0.000000
1669055523.199035,,0.095547,0.073642,0.000000
1669055523.399019,,0.095547,0.073642,0.000000
1669055523.599032,,0.098437,0.072904,0.000000
1669055523.799107,,0.102070,0.072746,0.000000
1669055523.999056,,0.101045,0.073255,0.000000
1669055524.199056,,0.104614,0.072285,0.000000
1669055524.399002,,0.104614,0.072285,0.000000
1669055524.599149,,0.104614,0.072285,0.000000
1669055524.799075,,0.106308,0.072174,0.000000
1669055524.999274,,0.107758,0.071948,0.000000
1669055525.199372,,0.108388,0.072479,0.000000
1669055525.399257,,0.105728,0.071414,0.000000
1669055525.599079,,0.107963,0.070749,0.000000
1669055525.799062,,0.109891,0.070663,0.000000
1669055525.999042,,0.109668,0.070627,0.000000
1669055526.199102,,0.109979,0.069275,0.000000
1669055526.399269,,0.112471,0.069445,0.000000
1669055526.599011,,0.113671,0.070935,0.000000
1669055526.799042,,0.114375,0.071171,0.000000
1669055526.999080,,0.116406,0.071246,0.000000
1669055527.199054,,0.116406,0.071246,0.000000
1669055527.399055,,0.118487,0.071226,0.000000
1669055527.599041,,0.118487,0.071226,0.000000
1669055527.799017,,0.118487,0.071226,0.000000
1669055527.999045,,0.119007,0.071093,0.000000
1669055528.199001,,0.124434,0.071379,0.000000
1669055528.399034,,0.119456,0.073093,0.000000
1669055528.599113,,0.119456,0.073093,0.000000
1669055528.799062,,0.119456,0.073093,0.000000
1669055528.999251,,0.119456,0.073093,0.000000
1669055529.199313,,0.116891,0.072916,0.000000
1669055529.399134,,0.123868,0.074248,0.000000
1669055529.599141,,0.123868,0.074248,0.000000
1669055529.799096,,0.127525,0.074791,0.000000
1669055529.999022,,0.127525,0.074791,0.000000
1669055530.199033,,0.127655,0.074981,0.000000
1669055530.399018,,0.127620,0.075313,0.000000
1669055530.599055,,0.128617,0.075846,0.000000
1669055530.799042,,0.128617,0.075846,0.000000
1669055530.999010,,0.128617,0.075846,0.000000
1669055531.199029,,0.128617,0.075846,0.000000
1669055531.399055,,0.128617,0.075846,0.000000
1669055531.599021,,0.129880,0.076542,0.000000
1669055531.798984,,0.129880,0.076542,0.000000
1669055531.999040,,0.131930,0.076647,0.000000
1669055532.199111,,0.131930,0.076647,0.000000
1669055532.399056,,0.136532,0.077231,0.000000
1669055532.599068,,0.134441,0.077968,0.000000
1669055532.799058,,0.134441,0.077968,0.000000
1669055532.999262,,0.132282,0.078213,0.000000
1669055533.199193,,0.132152,0.000000,0.000000
1669055533.399290,,0.134384,0.000000,0.000000
1669055533.599020,,0.135347,0.000000,0.000000
1669055533.799112,,0.135313,0.077165,0.000000
1669055533.999002,,0.134387,0.077256,0.000000
1669055534.199021,,0.134387,0.077256,0.000000
1669055534.399001,,0.136347,0.076773,0.000000
1669055534.599047,,0.136347,0.076773,0.000000
1669055534.798986,,0.136347,0.076773,0.000000
1669055534.999024,,0.136347,0.076773,0.000000
1669055535.199015,,0.135201,0.079899,0.000000
1669055535.399038,,0.135201,0.079899,0.000000
1669055535.599033,,0.135716,0.079897,0.000000
1669055535.799073,,0.132161,0.079849,0.000000
1669055535.999034,,0.133824,0.078994,0.000000
1669055536.199068,,0.133824,0.078994,0.000000
1669055536.399060,,0.133992,0.079020,0.000000
1669055536.599308,,0.132433,0.079273,0.000000
1669055536.799264,,0.132433,0.079273,0.000000
1669055536.999309,,0.132433,0.079273,0.000000
1669055537.199106,,0.133261,0.080220,0.000000
1669055537.399082,,0.130260,0.079616,0.000000
1669055537.599033,,0.130260,0.079616,0.000000
1669055537.799056,,0.129293,0.079918,0.000000
1669055537.999057,,0.129293,0.079918,0.000000
1669055538.199016,,0.129697,0.079700,0.000000
1669055538.399047,,0.130726,0.079596,0.000000
1669055538.599020,,0.131101,0.080614,0.000000
1669055538.799052,,0.129268,0.081134,0.000000
1669055538.999037,,0.126825,0.081357,0.000000
1669055539.199044,,0.125982,0.081196,0.000000
1669055539.398982,,0.126724,0.081006,0.000000
1669055539.599085,,0.126724,0.081006,0.000000
1669055539.799072,,0.126724,0.081006,0.000000
1669055539.998980,,0.123447,0.081619,0.000000
1669055540.199097,,0.123447,0.081619,0.000000
1669055540.399089,,0.123447,0.081619,0.000000
1669055540.599048,,0.121005,0.081836,0.000000
1669055540.799008,,0.121005,0.081836,0.000000
1669055540.999246,,0.121947,0.081290,0.000000
1669055541.199188,,0.119229,0.081980,0.000000
1669055541.399172,,0.119229,0.081980,0.000000
1669055541.599087,,0.119229,0.081980,0.000000
1669055541.799031,,0.119229,0.081980,0.000000
1669055541.999031,,0.115473,0.082120,0.000000
1669055542.199069,,0.115473,0.082120,0.000000
1669055542.399016,,0.115473,0.082120,0.000000
1669055542.599046,,0.120243,0.083366,0.000000
1669055542.799039,,0.114156,0.085573,0.000000
1669055542.999106,,0.116294,0.084742,0.000000
1669055543.199019,,0.116294,0.084742,0.000000
1669055543.399051,,0.111506,0.084730,0.000000
1669055543.599066,,0.109565,0.084434,0.000000
1669055543.798986,,0.109565,0.084434,0.000000
1669055543.999049,,0.109565,0.084434,0.000000
1669055544.199080,,0.109565,0.084434,0.000000
1669055544.399100,,0.104501,0.084241,0.000000
1669055544.599331,,0.104501,0.084241,0.000000
1669055544.799269,,0.104501,0.084241,0.000000
1669055544.999280,,0.099469,0.084177,0.000000
1669055545.199140,,0.101916,0.084150,0.000000
1669055545.399102,,0.096164,0.085079,0.000000
1669055545.599099,,0.097329,0.084839,0.000000
1669055545.799034,,0.097329,0.084839,0.000000
1669055545.999099,,0.097403,0.084699,0.000000
1669055546.199142,,0.098689,0.085104,0.000000
1669055546.399081,,0.095386,0.087207,0.000000
1669055546.599116,,0.095386,0.087207,0.000000
1669055546.799028,,0.092260,0.088459,0.000000
1669055546.999047,,0.092260,0.088459,0.000000
1669055547.199036,,0.087156,0.088470,0.000000
1669055547.399046,,0.087156,0.088470,0.000000
1669055547.599081,,0.085085,0.088280,0.000000
1669055547.799812,,0.085184,0.088992,0.000000
1669055547.999010,,0.084010,0.088924,0.000000
1669055548.199754,,0.083006,0.088790,0.000000
1669055548.399051,,0.083006,0.088790,0.000000
1669055548.599054,,0.079873,0.089343,0.000000
1669055548.799058,,0.076856,0.089041,0.000000
1669055548.999163,,0.074135,0.089238,0.000000
1669055549.199323,,0.074135,0.089238,0.000000
1669055549.399340,,0.074135,0.089238,0.000000
1669055549.599208,,0.074135,0.089238,0.000000
1669055549.799062,,0.074135,0.089238,0.000000
1669055549.999013,,0.066885,0.087280,0.000000
1669055550.199131,,0.066127,0.087272,0.000000
1669055550.399018,,0.065155,0.087262,0.000000
1669055550.598997,,0.065488,0.087329,0.000000
1669055550.799001,,0.064013,0.087255,0.000000
1669055550.999027,,0.064013,0.087255,0.000000
1669055551.199015,,0.064013,0.087255,0.000000
1669055551.399125,,0.059365,0.085957,0.000000
1669055551.599059,,0.059365,0.085957,0.000000
1669055551.799138,,0.058211,0.086216,0.000000
1669055551.998984,,0.057669,0.086066,0.000000
1669055552.199090,,0.051845,0.085324,0.000000
1669055552.399063,,0.051845,0.085324,0.000000
1669055552.599047,,0.054254,0.085647,0.000000
1669055552.799011,,0.052558,0.085795,0.000000
1669055552.999033,,0.052558,0.085795,0.000000
1669055553.199090,,0.052558,0.085795,0.000000
1669055553.399328,,0.052558,0.085795,0.000000
1669055553.599284,,0.052558,0.085795,0.000000
1669055553.799082,,0.049782,0.085758,0.000000
1669055553.999058,,0.049782,0.085758,0.000000
1669055554.199031,,0.046029,0.085917,0.000000
1669055554.399069,,0.046029,0.085917,0.000000
1669055554.599020,,0.041956,0.086391,0.000000
1669055554.799016,,0.042596,0.086367,0.000000
1669055554.999004,,0.042596,0.086367,0.000000
1669055555.199024,,0.042596,0.086367,0.000000
1669055555.398990,,0.043371,0.086493,0.000000
1669055555.599132,,0.038094,0.087144,0.000000
1669055555.798972,,0.038094,0.087144,0.000000
1669055555.999061,,0.038094,0.087144,0.000000
1669055556.199070,,0.038142,0.086475,0.000000
1669055556.399260,,0.038142,0.086475,0.000000
1669055556.599104,,0.038868,0.086408,0.000000
1669055556.799017,,0.038868,0.086408,0.000000
1669055556.999275,,0.038019,0.086932,0.000000
1669055557.199309,,0.038019,0.086932,0.000000
1669055557.399301,,0.037957,0.084335,0.000000
1669055557.599255,,0.039863,0.084482,0.000000
1669055557.799156,,0.038975,0.086325,0.000000
1669055557.999020,,0.040709,0.087477,0.000000
1669055558.199063,,0.040709,0.087477,0.000000
1669055558.399051,,0.040971,0.087572,0.000000
1669055558.599015,,0.040857,0.087456,0.000000
1669055558.798972,,0.042936,0.087616,0.000000
1669055558.999001,,0.046266,0.087753,0.000000
1669055559.199030,,0.046266,0.087753,0.000000
1669055559.399064,,0.046266,0.087753,0.000000
1669055559.599008,,0.052297,0.089803,0.000000
1669055559.799165,,0.052297,0.089803,0.000000
1669055559.999084,,0.052297,0.089803,0.000000
1669055560.199035,,0.049297,0.091071,0.000000
1669055560.399016,,0.050820,0.090868,0.000000
1669055560.599151,,0.050820,0.090868,0.000000
1669055560.799042,,0.058184,0.090322,0.000000
1669055560.999101,,0.059341,0.090380,0.000000
1669055561.199235,,0.059341,0.090380,0.000000
1669055561.399359,,0.059341,0.090380,0.000000
1669055561.599043,,0.061576,0.090388,0.000000
1669055561.799063,,0.064614,0.090469,0.000000
1669055561.999100,,0.065336,0.090643,0.000000
1669055562.199076,,0.065336,0.090643,0.000000
1669055562.399026,,0.067194,0.090509,0.000000
1669055562.599005,,0.071455,0.092075,0.000000
1669055562.799124,,0.068204,0.092676,0.000000
1669055562.999073,,0.068204,0.092676,0.000000
1669055563.199043,,0.068204,0.092676,0.000000
1669055563.399106,,0.068204,0.092676,0.000000
1669055563.599014,,0.068204,0.092676,0.000000
1669055563.799056,,0.068204,0.092676,0.000000
1669055563.999070,,0.068204,0.092676,0.000000
1669055564.199111,,0.077069,0.091905,0.000000
1669055564.399082,,0.077069,0.091905,0.000000
1669055564.599112,,0.081661,0.090904,0.000000
1669055564.799075,,0.086491,0.091053,0.000000
1669055564.999046,,0.086491,0.091053,0.000000
1669055565.199092,,0.087725,0.091054,0.000000
1669055565.399025,,0.088727,0.090991,0.000000
1669055565.599097,,0.088727,0.090991,0.000000
1669055565.799292,,0.088727,0.090991,0.000000
1669055565.999471,,0.093927,0.091567,0.000000
1669055566.199273,,0.094438,0.091928,0.000000
1669055566.399053,,0.096194,0.091568,0.000000
1669055566.599113,,0.096194,0.091568,0.000000
1669055566.799079,,0.097606,0.091596,0.000000
1669055566.999005,,0.098431,0.091772,0.000000
1669055567.199043,,0.100425,0.091457,0.000000
1669055567.398999,,0.102302,0.091430,0.000000
1669055567.599013,,0.102302,0.091430,0.000000
1669055567.799024,,0.102302,0.091430,0.000000
1669055567.999044,,0.105428,0.091796,0.000000
1669055568.199090,,0.105434,0.092127,0.000000
1669055568.398992,,0.105434,0.092127,0.000000
1669055568.599200,,0.108218,0.091897,0.000000
1669055568.799036,,0.111109,0.091962,0.000000
1669055568.999052,,0.110784,0.092367,0.000000
1669055569.199068,,0.112409,0.091930,0.000000
1669055569.399386,,0.112558,0.092649,0.000000
1669055569.599384,,0.114610,0.092882,0.000000
1669055569.799342,,0.116168,0.093382,0.000000
1669055569.999059,,0.112090,0.093408,0.000000
1669055570.199074,,0.117178,0.093559,0.000000
1669055570.399074,,0.118175,0.093846,0.000000
1669055570.599022,,0.124705,0.093648,0.000000
1669055570.798997,,0.122108,0.093996,0.000000
1669055570.999056,,0.127696,0.096566,0.000000
1669055571.199112,,0.127145,0.096801,0.000000
1669055571.399056,,0.123825,0.097673,0.000000
1669055571.599047,,0.128821,0.098133,0.000000
1669055571.799028,,0.131931,0.097457,0.000000
1669055571.999090,,0.131931,0.097457,0.000000
1669055572.199048,,0.132085,0.097601,0.000000
1669055572.399092,,0.131572,0.098341,0.000000
1669055572.599005,,0.134939,0.097328,0.000000
1669055572.799030,,0.137490,0.103723,0.000000
1669055572.999045,,0.139152,0.104306,0.000000
1669055573.199325,,0.140591,0.104832,0.000000
1669055573.399275,,0.140591,0.104832,0.000000
1669055573.599247,,0.140591,0.104832,0.000000
1669055573.799102,,0.140591,0.104832,0.000000
1669055573.999042,,0.142997,0.104451,0.000000
1669055574.199008,,0.142997,0.104451,0.000000
1669055574.399006,,0.142665,0.104448,0.000000
1669055574.599008,,0.142665,0.104448,0.000000
1669055574.799102,,0.142665,0.104448,0.000000
1669055574.999046,,0.144034,0.103969,0.000000
1669055575.198961,,0.144034,0.103969,0.000000
1669055575.399106,,0.143311,0.104057,0.000000
1669055575.599006,,0.143311,0.104057,0.000000
1669055575.799008,,0.142651,0.104074,0.000000
1669055575.999044,,0.140643,0.104389,0.000000
1669055576.199115,,0.145308,0.104206,0.000000
1669055576.399058,,0.145308,0.104206,0.000000
1669055576.599099,,0.145308,0.104206,0.000000
1669055576.799008,,0.145308,0.104206,0.000000
1669055576.999140,,0.145308,0.104206,0.000000
1669055577.199203,,0.145402,0.105081,0.000000
1669055577.399366,,0.148434,0.104478,0.000000
1669055577.599273,,0.147970,0.104645,0.000000
1669055577.799224,,0.147204,0.105044,0.000000
1669055577.999124,,0.147204,0.105044,0.000000
1669055578.199125,,0.147204,0.105044,0.000000
1669055578.399009,,0.144751,0.000000,0.000000
1669055578.599101,,0.144751,0.000000,0.000000
1669055578.799086,,0.144751,0.000000,0.000000
1669055578.999061,,0.144751,0.000000,0.000000
1669055579.199005,,0.151155,0.104425,0.000000
1669055579.399035,,0.151363,0.104876,0.000000
1669055579.599038,,0.151363,0.104876,0.000000
1669055579.798976,,0.151363,0.104876,0.000000
1669055579.998995,,0.149638,0.105283,0.000000
1669055580.199010,,0.149638,0.105283,0.000000
1669055580.399029,,0.151048,0.104860,0.000000
1669055580.599088,,0.151048,0.104860,0.000000
1669055580.799076,,0.151048,0.104860,0.000000
1669055580.999081,,0.148622,0.105795,0.000000
1669055581.199084,,0.148650,0.105580,0.000000
1669055581.399065,,0.149461,0.105330,0.000000
1669055581.599035,,0.149461,0.105330,0.000000
1669055581.799296,,0.148208,0.105405,0.000000
1669055581.999224,,0.147268,0.107661,0.000000
1669055582.199282,,0.146224,0.106742,0.000000
1669055582.399093,,0.146224,0.106742,0.000000
1669055582.599028,,0.146224,0.106742,0.000000
1669055582.799036,,0.143036,0.107188,0.000000
1669055582.999024,,0.144009,0.107350,0.000000
1669055583.199068,,0.143948,0.107399,0.000000
1669055583.398976,,0.142914,0.107340,0.000000
1669055583.598993,,0.143525,0.107108,0.000000
1669055583.799049,,0.145197,0.106699,0.000000
1669055583.999018,,0.138890,0.104614,0.000000
1669055584.199016,,0.138923,0.104621,0.000000
1669055584.399010,,0.139130,0.104628,0.000000
1669055584.598982,,0.137100,0.104745,0.000000
1669055584.799021,,0.137100,0.104745,0.000000
1669055584.999025,,0.134858,0.104516,0.000000
1669055585.199061,,0.134858,0.104516,0.000000
1669055585.399055,,0.131779,0.104941,0.000000
1669055585.599005,,0.131779,0.104941,0.000000
1669055585.799039,,0.131779,0.104941,0.000000
1669055585.999283,,0.131779,0.104941,0.000000
1669055586.199269,,0.131779,0.104941,0.000000
1669055586.399210,,0.131779,0.104941,0.000000
1669055586.599108,,0.131779,0.104941,0.000000
1669055586.799020,,0.131779,0.104941,0.000000
1669055586.999019,,0.131779,0.104941,0.000000
1669055587.198972,,0.131779,0.104941,0.000000
1669055587.399006,,0.131779,0.104941,0.000000
1669055587.599013,,0.131779,0.104941,0.000000
1669055587.799114,,0.131779,0.104941,0.000000
1669055587.998996,,0.131779,0.104941,0.000000
1669055588.199028,,0.131779,0.104941,0.000000
1669055588.399065,,0.131779,0.104941,0.000000
1669055588.599122,,0.118734,0.102119,0.000000
1669055588.798983,,0.118734,0.102119,0.000000
1669055588.999038,,0.114727,0.102736,0.000000
1669055589.199028,,0.113832,0.102999,0.000000
1669055589.399052,,0.113855,0.102777,0.000000
1669055589.598996,,0.113855,0.102777,0.000000
1669055589.799231,,0.113855,0.102777,0.000000
1669055589.999303,,0.109614,0.102307,0.000000
1669055590.199383,,0.109614,0.102307,0.000000
1669055590.399114,,0.109614,0.102307,0.000000
1669055590.599017,,0.107460,0.102305,0.000000
1669055590.799076,,0.107829,0.102223,0.000000
1669055590.999026,,0.107829,0.102223,0.000000
1669055591.198996,,0.107829,0.102223,0.000000
1669055591.398997,,0.102155,0.103498,0.000000
1669055591.599019,,0.102155,0.103498,0.000000
1669055591.799029,,0.102155,0.103498,0.000000
1669055591.999034,,0.096990,0.103192,0.000000
1669055592.199036,,0.093866,0.104164,0.000000
1669055592.399013,,0.093866,0.104164,0.000000
1669055592.599005,,0.093866,0.104164,0.000000
1669055592.799014,,0.089703,0.104314,0.000000
1669055592.999048,,0.087861,0.104822,0.000000
1669055593.199070,,0.085672,0.104438,0.000000
1669055593.399000,,0.088306,0.103548,0.000000
1669055593.599033,,0.084604,0.103965,0.000000
1669055593.799287,,0.079418,0.104950,0.000000
1669055593.999371,,0.083678,0.103580,0.000000
1669055594.199287,,0.081187,0.103328,0.000000
1669055594.399247,,0.079477,0.103246,0.000000
1669055594.599050,,0.076985,0.103180,0.000000
1669055594.799024,,0.076985,0.103180,0.000000
1669055594.999016,,0.072320,0.102909,0.000000
1669055595.199008,,0.075129,0.101825,0.000000
1669055595.398994,,0.071554,0.102149,0.000000
1669055595.599024,,0.071554,0.102149,0.000000
1669055595.799052,,0.074186,0.103133,0.000000
1669055595.999008,,0.067358,0.104996,0.000000
1669055596.199017,,0.067358,0.104996,0.000000
1669055596.399044,,0.064800,0.104836,0.000000
1669055596.599024,,0.064535,0.104498,0.000000
1669055596.799000,,0.064535,0.104498,0.000000
1669055596.999027,,0.057223,0.103410,0.000000
1669055597.199049,,0.057223,0.103410,0.000000
1669055597.399005,,0.054886,0.103523,0.000000
1669055597.599031,,0.054886,0.103523,0.000000
1669055597.799039,,0.052865,0.103473,0.000000
1669055597.999041,,0.052870,0.103740,0.000000
1669055598.199071,,0.055850,0.105288,0.000000
1669055598.399025,,0.055850,0.105288,0.000000
1669055598.599048,,0.054590,0.105201,0.000000
1669055598.799255,,0.054966,0.105438,0.000000
1669055598.999229,,0.054966,0.105438,0.000000
1669055599.199080,,0.054966,0.105438,0.000000
1669055599.399050,,0.054966,0.105438,0.000000
1669055599.599020,,0.048071,0.105665,0.000000
1669055599.799013,,0.048071,0.105665,0.000000
1669055599.999022,,0.048071,0.105665,0.000000
1669055600.199065,,0.045566,0.104506,0.000000
1669055600.399039,,0.045566,0.104506,0.000000
1669055600.599001,,0.045566,0.104506,0.000000
1669055600.799052,,0.045128,0.104417,0.000000
1669055600.999022,,0.045128,0.104417,0.000000
1669055601.199015,,0.045128,0.104417,0.000000
1669055601.399034,,0.044171,0.105371,0.000000
1669055601.599076,,0.044171,0.105371,0.000000
1669055601.799065,,0.044171,0.105371,0.000000
1669055601.999047,,0.044171,0.105371,0.000000
1669055602.199086,,0.049240,0.102292,0.000000
1669055602.399033,,0.049240,0.102292,0.000000
1669055602.599082,,0.047841,0.102610,0.000000
1669055602.799248,,0.047661,0.102656,0.000000
1669055602.999252,,0.047661,0.102656,0.000000
1669055603.199035,,0.048817,0.102643,0.000000
1669055603.399001,,0.048817,0.102643,0.000000
1669055603.599043,,0.049853,0.103473,0.000000
1669055603.799021,,0.049853,0.103473,0.000000
1669055603.999028,,0.049464,0.103562,0.000000
1669055604.199075,,0.049464,0.103562,0.000000
1669055604.399037,,0.049464,0.103562,0.000000
1669055604.599047,,0.058113,0.105440,0.000000
1669055604.798991,,0.058113,0.105440,0.000000
1669055604.999046,,0.062184,0.106838,0.000000
1669055605.199074,,0.061128,0.107041,0.000000
1669055605.399041,,0.060015,0.107119,0.000000
1669055605.599060,,0.060015,0.107119,0.000000
1669055605.799058,,0.060015,0.107119,0.000000
1669055605.999089,,0.064205,0.106875,0.000000
1669055606.199114,,0.066646,0.106589,0.000000
1669055606.399212,,0.067411,0.106813,0.000000
1669055606.599349,,0.069066,0.107014,0.000000
1669055606.799325,,0.069066,0.107014,0.000000
1669055606.999297,,0.069797,0.108102,0.000000
1669055607.199122,,0.069797,0.108102,0.000000
1669055607.399066,,0.066409,0.108725,0.000000
1669055607.599159,,0.066409,0.108725,0.000000
1669055607.799014,,0.077110,0.108124,0.000000
1669055607.999062,,0.077110,0.108124,0.000000
1669055608.199097,,0.077110,0.108124,0.000000
1669055608.399037,,0.077110,0.108124,0.000000
1669055608.599050,,0.077110,0.108124,0.000000
1669055608.799030,,0.085944,0.107533,0.000000
1669055608.998987,,0.092739,0.114946,0.000000
1669055609.199034,,0.092739,0.114946,0.000000
1669055609.399092,,0.093674,0.116038,0.000000
1669055609.599053,,0.094398,0.116013,0.000000
1669055609.798969,,0.094398,0.116013,0.000000
1669055609.999041,,0.097536,0.116159,0.000000
1669055610.199217,,0.102241,0.116119,0.000000
1669055610.399273,,0.102241,0.116119,0.000000
1669055610.599233,,0.100255,0.116273,0.000000
1669055610.799181,,0.100255,0.116273,0.000000
1669055610.999019,,0.100255,0.116273,0.000000
1669055611.199028,,0.100255,0.116273,0.000000
1669055611.399025,,0.100255,0.116273,0.000000
1669055611.599017,,0.106423,0.115543,0.000000
1669055611.799016,,0.108977,0.115794,0.000000
1669055611.999053,,0.108977,0.115794,0.000000
1669055612.198997,,0.108889,0.115926,0.000000
1669055612.399067,,0.114303,0.115131,0.000000
1669055612.599059,,0.117081,0.115030,0.000000
1669055612.799035,,0.117081,0.115030,0.000000
1669055612.999064,,0.117081,0.115030,0.000000
1669055613.199068,,0.117081,0.115030,0.000000
1669055613.399067,,0.117081,0.115030,0.000000
1669055613.599278,,0.121419,0.116623,0.000000
1669055613.799391,,0.121419,0.116623,0.000000
1669055613.999164,,0.121419,0.116623,0.000000
1669055614.199074,,0.121419,0.116623,0.000000
1669055614.399036,,0.124709,0.117069,0.000000
1669055614.599111,,0.124709,0.117069,0.000000
1669055614.799072,,0.126563,0.117436,0.000000
1669055614.999049,,0.127819,0.117459,0.000000
1669055615.199013,,0.127819,0.117459,0.000000
1669055615.399010,,0.127819,0.117459,0.000000
1669055615.599038,,0.132026,0.118826,0.000000
1669055615.798988,,0.133319,0.118535,0.000000
1669055615.999051,,0.137689,0.119908,0.000000
1669055616.199056,,0.136856,0.119924,0.000000
1669055616.399050,,0.138787,0.121301,0.000000
1669055616.599191,,0.139975,0.121973,0.000000
1669055616.798990,,0.135873,0.122167,0.000000
1669055616.999074,,0.141642,0.121837,0.000000
1669055617.199084,,0.141484,0.121925,0.000000
1669055617.399161,,0.141484,0.121925,0.000000
1669055617.599330,,0.150091,0.121774,0.000000
1669055617.799200,,0.150091,0.121774,0.000000
1669055617.999132,,0.150091,0.121774,0.000000
1669055618.199097,,0.150091,0.121774,0.000000
1669055618.399054,,0.148080,0.124180,0.000000
1669055618.599014,,0.148080,0.124180,0.000000
1669055618.798969,,0.148080,0.124180,0.000000
1669055618.998986,,0.148080,0.124180,0.000000
1669055619.199011,,0.147904,0.124338,0.000000
1669055619.399047,,0.147904,0.124338,0.000000
1669055619.599043,,0.151975,0.124036,0.000000
1669055619.799052,,0.151975,0.124036,0.000000
1669055619.998986,,0.151583,0.124830,0.000000
1669055620.199077,,0.153651,0.124667,0.000000
1669055620.399004,,0.153321,0.125399,0.000000
1669055620.599044,,0.153321,0.125399,0.000000
1669055620.799075,,0.153321,0.125399,0.000000
1669055620.999109,,0.151878,0.125479,0.000000
1669055621.199284,,0.150699,0.125463,0.000000
1669055621.399281,,0.150699,0.125463,0.000000
1669055621.599187,,0.156394,0.124917,0.000000
1669055621.799254,,0.158035,0.124650,0.000000
1669055621.999558,,0.158713,0.124897,0.000000
1669055622.199100,,0.158713,0.124897,0.000000
1669055622.399181,,0.158713,0.124897,0.000000
1669055622.599012,,0.156217,0.125828,0.000000
1669055622.799000,,0.156217,0.125828,0.000000
1669055622.999008,,0.158905,0.124731,0.000000
1669055623.198997,,0.159350,0.000000,0.000000
1669055623.399080,,0.159350,0.000000,0.000000
1669055623.599016,,0.159937,0.000000,0.000000
1669055623.799009,,0.159937,0.000000,0.000000
1669055623.999008,,0.162302,0.124446,0.000000
1669055624.199054,,0.162952,0.124738,0.000000
1669055624.399012,,0.161640,0.124934,0.000000
1669055624.599086,,0.157123,0.125235,0.000000
1669055624.799024,,0.157123,0.125235,0.000000
1669055624.999017,,0.157123,0.125235,0.000000
1669055625.199069,,0.157123,0.125235,0.000000
1669055625.399251,,0.158526,0.124901,0.000000
1669055625.599324,,0.158526,0.124901,0.000000
1669055625.799251,,0.157825,0.125028,0.000000
1669055625.999054,,0.157804,0.125057,0.000000
1669055626.199073,,0.157804,0.125057,0.000000
1669055626.399003,,0.157009,0.125100,0.000000
1669055626.599017,,0.158088,0.124876,0.000000
1669055626.799089,,0.158088,0.124876,0.000000
1669055626.999025,,0.153340,0.125340,0.000000
1669055627.199017,,0.153740,0.124907,0.000000
1669055627.399028,,0.152230,0.122788,0.000000
1669055627.599016,,0.150324,0.123207,0.000000
1669055627.798979,,0.148690,0.121504,0.000000
1669055627.999027,,0.149875,0.122429,0.000000
1669055628.198995,,0.150360,0.122674,0.000000
1669055628.399003,,0.149463,0.122030,0.000000
1669055628.599086,,0.145876,0.119701,0.000000
1669055628.799021,,0.143824,0.119713,0.000000
1669055628.999038,,0.143824,0.119713,0.000000
1669055629.199033,,0.145544,0.119461,0.000000
1669055629.398988,,0.145544,0.119461,0.000000
1669055629.599003,,0.145544,0.119461,0.000000
1669055629.799247,,0.145544,0.119461,0.000000
1669055629.999266,,0.145544,0.119461,0.000000
1669055630.201230,,0.145544,0.119461,0.000000
1669055630.399344,,0.140084,0.120546,0.000000
1669055630.599111,,0.140084,0.120546,0.000000
1669055630.799100,,0.140084,0.120546,0.000000
1669055630.999040,,0.140084,0.120546,0.000000
1669055631.199003,,0.140084,0.120546,0.000000
1669055631.398995,,0.140084,0.120546,0.000000
1669055631.599031,,0.140084,0.120546,0.000000
1669055631.798992,,0.140084,0.120546,0.000000
1669055631.998993,,0.133015,0.120955,0.000000
1669055632.199011,,0.135430,0.119881,0.000000
1669055632.399014,,0.135430,0.119881,0.000000
1669055632.599011,,0.130241,0.122133,0.000000
1669055632.798973,,0.130241,0.122133,0.000000
1669055632.999004,,0.128187,0.122309,0.000000
1669055633.198991,,0.128187,0.122309,0.000000
1669055633.399055,,0.128187,0.122309,0.000000
1669055633.598996,,0.128187,0.122309,0.000000
1669055633.799131,,0.128187,0.122309,0.000000
1669055633.999301,,0.122195,0.121446,0.000000
1669055634.199245,,0.122195,0.121446,0.000000
1669055634.399248,,0.122195,0.121446,0.000000
1669055634.599089,,0.117760,0.120595,0.000000
1669055634.799013,,0.120913,0.119781,0.000000
1669055634.999092,,0.120913,0.119781,0.000000
1669055635.199107,,0.123607,0.119995,0.000000
1669055635.399019,,0.123607,0.119995,0.000000
1669055635.599005,,0.123607,0.119995,0.000000
1669055635.799014,,0.116360,0.120987,0.000000
1669055635.999003,,0.116360,0.120987,0.000000
1669055636.199000,,0.116360,0.120987,0.000000
1669055636.399094,,0.112444,0.120711,0.000000
1669055636.599097,,0.112444,0.120711,0.000000
1669055636.799018,,0.105464,0.123425,0.000000
1669055636.999088,,0.102410,0.123473,0.000000
1669055637.199050,,0.102410,0.123473,0.000000
1669055637.399258,,0.102410,0.123473,0.000000
1669055637.599011,,0.102410,0.123473,0.000000
1669055637.799234,,0.100397,0.123576,0.000000
1669055637.999289,,0.099732,0.123600,0.000000
1669055638.199080,,0.090595,0.122762,0.000000
1669055638.399027,,0.094689,0.123742,0.000000
1669055638.599011,,0.091490,0.123846,0.000000
1669055638.799068,,0.091490,0.123846,0.000000
1669055638.999049,,0.091490,0.123846,0.000000
1669055639.198997,,0.088044,0.123888,0.000000
1669055639.398997,,0.088044,0.123888,0.000000
1669055639.598994,,0.088044,0.123888,0.000000
1669055639.798973,,0.088044,0.123888,0.000000
1669055639.999006,,0.083189,0.124579,0.000000
1669055640.199061,,0.083189,0.124579,0.000000
1669055640.398992,,0.083189,0.124579,0.000000
1669055640.599030,,0.083189,0.124579,0.000000
1669055640.798995,,0.083189,0.124579,0.000000
1669055640.998993,,0.074447,0.125469,0.000000
1669055641.198987,,0.075883,0.125303,0.000000
1669055641.399214,,0.075883,0.125303,0.000000
1669055641.599019,,0.075883,0.125303,0.000000
1669055641.799093,,0.075883,0.125303,0.000000
1669055641.999083,,0.075883,0.125303,0.000000
1669055642.199084,,0.075883,0.125303,0.000000
1669055642.399122,,0.066629,0.126357,0.000000
1669055642.599014,,0.066629,0.126357,0.000000
1669055642.799007,,0.065299,0.125918,0.000000
1669055642.999035,,0.062889,0.126201,0.000000
1669055643.198999,,0.064353,0.126485,0.000000
1669055643.398982,,0.065251,0.126672,0.000000
1669055643.599071,,0.065251,0.126672,0.000000
1669055643.799030,,0.065251,0.126672,0.000000
1669055643.999000,,0.063093,0.126281,0.000000
1669055644.199004,,0.063093,0.126281,0.000000
1669055644.398983,,0.063093,0.126281,0.000000
1669055644.599022,,0.063093,0.126281,0.000000
1669055644.798992,,0.058823,0.125943,0.000000
1669055644.999006,,0.058995,0.126398,0.000000
1669055645.198991,,0.058092,0.126283,0.000000
1669055645.399176,,0.058092,0.126283,0.000000
1669055645.599175,,0.058092,0.126283,0.000000
1669055645.799211,,0.058092,0.126283,0.000000
1669055645.999211,,0.058092,0.126283,0.000000
1669055646.199185,,0.058092,0.126283,0.000000
1669055646.399115,,0.055350,0.125312,0.000000
1669055646.599021,,0.055350,0.125312,0.000000
1669055646.799037,,0.055350,0.125312,0.000000
1669055646.999009,,0.055350,0.125312,0.000000
1669055647.199028,,0.055350,0.125312,0.000000
1669055647.399036,,0.058981,0.124971,0.000000
1669055647.599005,,0.059429,0.125709,0.000000
1669055647.799008,,0.059429,0.125709,0.000000
1669055647.999005,,0.061933,0.126508,0.000000
1669055648.198998,,0.058796,0.126967,0.000000
1669055648.398992,,0.058852,0.126599,0.000000
1669055648.598996,,0.064064,0.126141,0.000000
1669055648.798972,,0.064064,0.126141,0.000000
1669055648.998979,,0.064064,0.126141,0.000000
1669055649.198982,,0.064064,0.126141,0.000000
1669055649.399213,,0.064064,0.126141,0.000000
1669055649.599294,,0.064064,0.126141,0.000000
1669055649.799111,,0.068943,0.127351,0.000000
1669055649.999107,,0.068943,0.127351,0.000000
1669055650.199136,,0.068943,0.127351,0.000000
1669055650.399057,,0.073886,0.127544,0.000000
1669055650.599020,,0.081995,0.127211,0.000000
1669055650.799084,,0.081995,0.127211,0.000000
1669055650.999031,,0.081995,0.127211,0.000000
1669055651.198995,,0.078540,0.129000,0.000000
1669055651.398993,,0.078540,0.129000,0.000000
1669055651.598990,,0.082692,0.128536,0.000000
1669055651.798977,,0.083485,0.128562,0.000000
1669055651.999046,,0.082942,0.128603,0.000000
1669055652.199029,,0.082027,0.128592,0.000000
1669055652.398996,,0.082027,0.128592,0.000000
1669055652.599003,,0.082789,0.128629,0.000000
1669055652.798986,,0.082789,0.128629,0.000000
1669055652.998987,,0.082789,0.128629,0.000000
1669055653.199000,,0.086219,0.128622,0.000000
1669055653.398994,,0.090412,0.128753,0.000000
1669055653.599064,,0.090412,0.128753,0.000000
1669055653.799260,,0.090412,0.128753,0.000000
1669055653.999168,,0.090412,0.128753,0.000000
1669055654.199071,,0.097640,0.127914,0.000000
1669055654.399002,,0.098744,0.127971,0.000000
1669055654.599017,,0.098744,0.127971,0.000000
1669055654.799017,,0.098744,0.127971,0.000000
1669055654.999003,,0.098744,0.127971,0.000000
1669055655.199028,,0.098744,0.127971,0.000000
1669055655.399052,,0.098744,0.127971,0.000000
1669055655.599006,,0.109465,0.127989,0.000000
1669055655.799004,,0.109166,0.127566,0.000000
1669055655.999036,,0.109166,0.127566,0.000000
1669055656.198982,,0.109166,0.127566,0.000000
1669055656.398987,,0.109166,0.127566,0.000000
1669055656.598996,,0.109166,0.127566,0.000000
1669055656.798992,,0.109166,0.127566,0.000000
1669055656.998992,,0.115797,0.127964,0.000000
1669055657.198999,,0.115797,0.127964,0.000000
1669055657.399019,,0.115797,0.127964,0.000000
1669055657.598979,,0.121089,0.128014,0.000000
1669055657.799091,,0.122702,0.128182,0.000000
1669055657.999234,,0.121955,0.127502,0.000000
1669055658.199228,,0.123817,0.126850,0.000000
1669055658.399245,,0.123817,0.126850,0.000000
1669055658.599026,,0.126518,0.126489,0.000000
1669055658.799046,,0.126790,0.126609,0.000000
1669055658.999066,,0.126790,0.126609,0.000000
1669055659.198994,,0.126790,0.126609,0.000000
1669055659.399038,,0.129495,0.126634,0.000000
1669055659.599000,,0.131069,0.127508,0.000000
1669055659.799060,,0.133597,0.127700,0.000000
1669055659.999002,,0.130939,0.127900,0.000000
1669055660.198989,,0.133708,0.129422,0.000000
1669055660.398997,,0.135229,0.129451,0.000000
1669055660.599011,,0.135229,0.129451,0.000000
1669055660.798967,,0.139097,0.129835,0.000000
1669055660.999015,,0.138294,0.130052,0.000000
1669055661.198980,,0.138294,0.130052,0.000000
1669055661.399009,,0.141958,0.129986,0.000000
1669055661.598993,,0.145271,0.131020,0.000000
1669055661.798997,,0.145271,0.131020,0.000000
1669055661.999036,,0.142341,0.131982,0.000000
1669055662.199022,,0.142341,0.131982,0.000000
1669055662.399101,,0.140913,0.132173,0.000000
1669055662.599227,,0.140913,0.132173,0.000000
1669055662.799083,,0.148211,0.131528,0.000000
1669055662.999087,,0.149361,0.131320,0.000000
1669055663.199009,,0.150216,0.131512,0.000000
1669055663.398994,,0.150216,0.131512,0.000000
1669055663.599044,,0.146734,0.131913,0.000000
1669055663.798980,,0.146734,0.131913,0.000000
1669055663.998988,,0.150022,0.131551,0.000000
1669055664.198991,,0.150022,0.131551,0.000000
1669055664.398991,,0.150022,0.131551,0.000000
1669055664.599027,,0.154855,0.131549,0.000000
1669055664.799003,,0.154855,0.131549,0.000000
1669055664.999011,,0.156282,0.132579,0.000000
1669055665.199009,,0.158777,0.132201,0.000000
1669055665.399006,,0.157729,0.132548,0.000000
1669055665.599030,,0.159571,0.132441,0.000000
1669055665.798987,,0.159571,0.132441,0.000000
1669055665.999006,,0.158635,0.133028,0.000000
1669055666.199276,,0.163904,0.133115,0.000000
1669055666.399264,,0.163904,0.133115,0.000000
1669055666.599214,,0.163904,0.133115,0.000000
1669055666.799138,,0.163904,0.133115,0.000000
1669055666.999017,,0.161775,0.132955,0.000000
1669055667.199017,,0.161775,0.132955,0.000000
1669055667.399008,,0.160836,0.132563,0.000000
1669055667.599043,,0.162483,0.132807,0.000000
1669055667.799008,,0.162483,0.132807,0.000000
1669055667.999020,,0.162483,0.132807,0.000000
1669055668.199026,,0.163898,0.000000,0.000000
1669055668.398994,,0.165295,0.000000,0.000000
1669055668.598999,,0.165295,0.000000,0.000000
1669055668.798988,,0.165295,0.000000,0.000000
1669055668.998995,,0.165295,0.000000,0.000000
1669055669.198987,,0.164280,0.133151,0.000000
1669055669.399024,,0.166435,0.133131,0.000000
1669055669.598987,,0.163390,0.135348,0.000000
1669055669.799224,,0.163390,0.135348,0.000000
1669055669.999305,,0.162516,0.134104,0.000000
1669055670.199196,,0.162516,0.134104,0.000000
1669055670.399074,,0.162516,0.134104,0.000000
1669055670.598992,,0.160356,0.134510,0.000000
1669055670.798999,,0.162797,0.134384,0.000000
1669055670.999067,,0.161819,0.134635,0.000000
1669055671.198996,,0.161819,0.134635,0.000000
1669055671.399009,,0.162144,0.133865,0.000000
1669055671.599003,,0.158400,0.134149,0.000000
1669055671.799156,,0.158400,0.134149,0.000000
1669055671.998996,,0.163244,0.133919,0.000000
1669055672.198990,,0.158807,0.138165,0.000000
1669055672.399003,,0.158807,0.138165,0.000000
1669055672.599057,,0.157834,0.138495,0.000000
1669055672.798981,,0.159149,0.140249,0.000000
