__time,/RMSE/data.0,/RMSE/data.1,/RMSE/layout/data_offset
1669126576.086281,0.045720,0.127894,0.000000
1669126576.286286,0.047991,0.123691,0.000000
1669126576.486177,0.050549,0.121711,0.000000
1669126576.686275,0.049488,0.121580,0.000000
1669126576.886098,0.043508,0.104056,0.000000
1669126577.086815,0.043508,0.104056,0.000000
1669126577.286305,0.036659,0.104824,0.000000
1669126577.487080,0.040892,0.104434,0.000000
1669126577.686288,0.042272,0.104464,0.000000
1669126577.886443,0.037065,0.105481,0.000000
1669126578.086900,0.042708,0.105896,0.000000
1669126578.286841,0.042248,0.105966,0.000000
1669126578.486297,0.044128,0.104464,0.000000
1669126578.686157,0.051962,0.125612,0.000000
1669126578.886905,0.051962,0.125612,0.000000
1669126579.086210,0.055383,0.123106,0.000000
1669126579.286960,0.055383,0.123106,0.000000
1669126579.486287,0.047319,0.122420,0.000000
1669126579.686941,0.051588,0.129445,0.000000
1669126579.886254,0.050209,0.128814,0.000000
1669126580.086818,0.057351,0.139192,0.000000
1669126580.286240,0.057116,0.137246,0.000000
1669126580.491750,0.060262,0.137152,0.000000
1669126580.686161,0.058558,0.136233,0.000000
1669126580.886758,0.058558,0.136233,0.000000
1669126581.086301,0.063276,0.155265,0.000000
1669126581.286480,0.064505,0.158067,0.000000
1669126581.486347,0.065002,0.158089,0.000000
1669126581.686631,0.064220,0.157871,0.000000
1669126581.886236,0.061992,0.156214,0.000000
1669126582.086740,0.061229,0.154392,0.000000
1669126582.286392,0.060623,0.153687,0.000000
1669126582.486405,0.060943,0.153496,0.000000
1669126582.686367,0.061501,0.153305,0.000000
1669126582.886187,0.065747,0.163599,0.000000
1669126583.091216,0.065161,0.159660,0.000000
1669126583.286330,0.065161,0.159660,0.000000
1669126583.486870,0.063181,0.158961,0.000000
1669126583.689525,0.062407,0.158387,0.000000
1669126583.886902,0.062407,0.158387,0.000000
1669126584.086074,0.064038,0.158257,0.000000
1669126584.286516,0.064038,0.158257,0.000000
1669126584.486272,0.063524,0.158203,0.000000
1669126584.692314,0.060530,0.157609,0.000000
1669126584.886372,0.059835,0.161534,0.000000
1669126585.086188,0.060032,0.160780,0.000000
1669126585.286807,0.060032,0.160780,0.000000
1669126585.486822,0.060717,0.160175,0.000000
1669126585.686313,0.057914,0.163710,0.000000
1669126585.886912,0.060385,0.163428,0.000000
1669126586.086198,0.060669,0.162727,0.000000
1669126586.286676,0.060669,0.162727,0.000000
1669126586.486327,0.060675,0.162291,0.000000
1669126586.686397,0.059918,0.162639,0.000000
1669126586.886933,0.059812,0.166578,0.000000
1669126587.086167,0.061419,0.166454,0.000000
1669126587.286762,0.061668,0.165658,0.000000
1669126587.486923,0.060414,0.166283,0.000000
1669126587.686375,0.061110,0.169309,0.000000
1669126587.886706,0.062986,0.168758,0.000000
1669126588.086004,0.063260,0.168060,0.000000
1669126588.287038,0.063260,0.168060,0.000000
1669126588.486302,0.061895,0.154859,0.000000
1669126588.687962,0.057507,0.154483,0.000000
1669126588.886816,0.057507,0.154483,0.000000
1669126589.086226,0.059363,0.157466,0.000000
1669126589.286362,0.059363,0.157466,0.000000
1669126589.486713,0.059155,0.156766,0.000000
1669126589.686575,0.059155,0.156766,0.000000
1669126589.886400,0.062916,0.156453,0.000000
1669126590.086780,0.061280,0.155664,0.000000
1669126590.286348,0.060655,0.155345,0.000000
1669126590.486424,0.061508,0.154858,0.000000
1669126590.686305,0.060083,0.154568,0.000000
1669126590.886348,0.060972,0.154499,0.000000
1669126591.086808,0.059879,0.153993,0.000000
1669126591.286405,0.059093,0.154074,0.000000
1669126591.486920,0.058713,0.154187,0.000000
1669126591.686334,0.057794,0.154434,0.000000
1669126591.886320,0.060200,0.154133,0.000000
1669126592.086550,0.060020,0.153909,0.000000
1669126592.286321,0.060391,0.153535,0.000000
1669126592.486312,0.061081,0.153173,0.000000
1669126592.686315,0.060743,0.152974,0.000000
1669126592.886183,0.059430,0.152436,0.000000
1669126593.086176,0.058838,0.152223,0.000000
1669126593.286201,0.062636,0.151705,0.000000
1669126593.486233,0.059879,0.151498,0.000000
1669126593.686122,0.060057,0.150949,0.000000
1669126593.886796,0.059211,0.150562,0.000000
1669126594.086323,0.058671,0.150403,0.000000
1669126594.286406,0.058870,0.149907,0.000000
1669126594.486133,0.059045,0.149777,0.000000
1669126594.686486,0.060673,0.149266,0.000000
1669126594.886262,0.060604,0.155850,0.000000
1669126595.086839,0.063577,0.155621,0.000000
1669126595.286336,0.064820,0.155212,0.000000
1669126595.486358,0.063072,0.154711,0.000000
1669126595.686987,0.063029,0.154050,0.000000
1669126595.886355,0.060158,0.153377,0.000000
1669126596.086851,0.060567,0.153032,0.000000
1669126596.286407,0.059465,0.152789,0.000000
1669126596.486248,0.059555,0.152666,0.000000
1669126596.686319,0.059952,0.152605,0.000000
1669126596.887166,0.059086,0.152451,0.000000
1669126597.086870,0.057196,0.152920,0.000000
1669126597.286189,0.057422,0.153352,0.000000
1669126597.486220,0.052841,0.138576,0.000000
1669126597.686223,0.052487,0.136852,0.000000
1669126597.886783,0.052792,0.136930,0.000000
1669126598.086742,0.052040,0.137263,0.000000
1669126598.286360,0.050511,0.138304,0.000000
1669126598.486896,0.054614,0.138546,0.000000
1669126598.686124,0.053438,0.138688,0.000000
1669126598.886403,0.054905,0.139933,0.000000
1669126599.086108,0.055425,0.139821,0.000000
1669126599.286332,0.059236,0.145850,0.000000
1669126599.486102,0.057232,0.145711,0.000000
1669126599.686268,0.057216,0.145050,0.000000
1669126599.886227,0.056758,0.144600,0.000000
1669126600.086912,0.059529,0.144710,0.000000
1669126600.286348,0.059376,0.144486,0.000000
1669126600.486554,0.056488,0.144487,0.000000
1669126600.686784,0.056488,0.144487,0.000000
1669126600.886323,0.055415,0.145064,0.000000
1669126601.086348,0.057090,0.145121,0.000000
1669126601.286919,0.057090,0.145121,0.000000
1669126601.486307,0.055406,0.145686,0.000000
1669126601.686287,0.056169,0.145977,0.000000
1669126601.886279,0.055254,0.146597,0.000000
1669126602.086331,0.057077,0.146659,0.000000
1669126602.286352,0.057211,0.146700,0.000000
1669126602.486294,0.057758,0.146419,0.000000
1669126602.686329,0.057193,0.146142,0.000000
1669126602.886295,0.057910,0.147999,0.000000
1669126603.086137,0.059581,0.150973,0.000000
1669126603.286170,0.059930,0.161124,0.000000
1669126603.486092,0.061941,0.164075,0.000000
1669126603.686181,0.064857,0.165015,0.000000
1669126603.886075,0.066432,0.166440,0.000000
1669126604.086337,0.063404,0.170543,0.000000
1669126604.286791,0.063258,0.173106,0.000000
1669126604.487975,0.064970,0.176155,0.000000
1669126604.686257,0.065790,0.179441,0.000000
1669126604.886359,0.066377,0.182785,0.000000
1669126605.086275,0.068927,0.188936,0.000000
1669126605.286688,0.068719,0.192800,0.000000
1669126605.486253,0.070139,0.197675,0.000000
1669126605.686604,0.070027,0.202733,0.000000
1669126605.886280,0.076118,0.207433,0.000000
1669126606.086279,0.077548,0.213097,0.000000
1669126606.286264,0.082323,0.217742,0.000000
1669126606.486162,0.085874,0.221714,0.000000
1669126606.686258,0.091496,0.222260,0.000000
1669126606.886128,0.091990,0.225304,0.000000
1669126607.086272,0.093800,0.229765,0.000000
1669126607.286313,0.097362,0.235505,0.000000
1669126607.486131,0.102568,0.239551,0.000000
1669126607.686278,0.109689,0.239958,0.000000
1669126607.886285,0.117394,0.242794,0.000000
1669126608.086668,0.128409,0.248945,0.000000
1669126608.286105,0.127163,0.249080,0.000000
1669126608.486302,0.105217,0.249621,0.000000
1669126608.686137,0.098897,0.233527,0.000000
1669126608.886351,0.106149,0.244926,0.000000
1669126609.086236,0.112857,0.249515,0.000000
1669126609.286347,0.121782,0.249842,0.000000
1669126609.487129,0.131803,0.249352,0.000000
1669126609.686248,0.133792,0.249854,0.000000
1669126609.886285,0.135133,0.249958,0.000000
1669126610.086294,0.136954,0.249992,0.000000
1669126610.286223,0.139769,0.249919,0.000000
1669126610.486149,0.140590,0.249477,0.000000
1669126610.686316,0.143464,0.249350,0.000000
1669126610.886275,0.157888,0.268207,0.000000
1669126611.086284,0.164558,0.273020,0.000000
1669126611.286271,0.169820,0.279986,0.000000
1669126611.486207,0.164699,0.279027,0.000000
1669126611.686362,0.176518,0.293496,0.000000
1669126611.886210,0.187665,0.309205,0.000000
1669126612.086076,0.197399,0.322191,0.000000
1669126612.286298,0.194906,0.322404,0.000000
1669126612.486151,0.207462,0.331316,0.000000
1669126612.686300,0.210485,0.343717,0.000000
1669126612.886317,0.220062,0.354309,0.000000
1669126613.086213,0.223315,0.361633,0.000000
1669126613.286541,0.228386,0.367342,0.000000
1669126613.486662,0.232383,0.374061,0.000000
1669126613.686346,0.236485,0.381685,0.000000
1669126613.886870,0.242722,0.387083,0.000000
1669126614.087075,0.250290,0.393701,0.000000
1669126614.286305,0.255547,0.401590,0.000000
1669126614.486363,0.258959,0.405903,0.000000
1669126614.686337,0.264520,0.411394,0.000000
1669126614.886274,0.270701,0.418132,0.000000
1669126615.086262,0.276131,0.424336,0.000000
1669126615.286650,0.281680,0.432690,0.000000
1669126615.486276,0.284995,0.436971,0.000000
1669126615.686287,0.290244,0.441774,0.000000
1669126615.886430,0.293123,0.449418,0.000000
1669126616.086114,0.301355,0.455099,0.000000
1669126616.286700,0.307313,0.463199,0.000000
1669126616.486217,0.312287,0.469545,0.000000
1669126616.686462,0.322393,0.471111,0.000000
1669126616.887106,0.324185,0.478470,0.000000
1669126617.086144,0.327499,0.484228,0.000000
1669126617.287066,0.326723,0.489573,0.000000
1669126617.486168,0.335439,0.496249,0.000000
1669126617.687111,0.345080,0.497262,0.000000
1669126617.886293,0.348985,0.500842,0.000000
1669126618.086602,0.351144,0.500696,0.000000
1669126618.287143,0.353182,0.500689,0.000000
1669126618.486661,0.357374,0.500691,0.000000
1669126618.686364,0.355685,0.500779,0.000000
1669126618.886319,0.358760,0.500742,0.000000
1669126619.086810,0.358760,0.500742,0.000000
1669126619.286333,0.361646,0.511757,0.000000
1669126619.486378,0.368111,0.511873,0.000000
1669126619.686368,0.366968,0.522527,0.000000
1669126619.886557,0.376209,0.531786,0.000000
1669126620.086415,0.377921,0.536080,0.000000
1669126620.286178,0.381060,0.539674,0.000000
1669126620.486214,0.386477,0.540313,0.000000
1669126620.686895,0.386477,0.540313,0.000000
1669126620.886243,0.405761,0.546688,0.000000
1669126621.086517,0.403917,0.558162,0.000000
1669126621.286300,0.404759,0.558076,0.000000
1669126621.486670,0.408519,0.556757,0.000000
1669126621.686253,0.412121,0.556530,0.000000
1669126621.886417,0.414933,0.556511,0.000000
1669126622.086368,0.415653,0.556553,0.000000
1669126622.286067,0.423615,0.562372,0.000000
1669126622.486409,0.431801,0.569164,0.000000
1669126622.686511,0.431737,0.569182,0.000000
1669126622.886296,0.437323,0.574442,0.000000
1669126623.087341,0.442561,0.580072,0.000000
1669126623.286760,0.442561,0.580072,0.000000
1669126623.488023,0.451798,0.000000,0.000000
1669126623.686516,0.448805,0.000000,0.000000
1669126623.886924,0.448805,0.000000,0.000000
1669126624.086302,0.455385,0.000000,0.000000
1669126624.286787,0.458470,0.000000,0.000000
1669126624.486742,0.458470,0.000000,0.000000
1669126624.686122,0.466638,0.000000,0.000000
1669126624.886498,0.464329,0.000000,0.000000
1669126625.086421,0.468342,0.000000,0.000000
1669126625.286453,0.467359,0.000000,0.000000
1669126625.487075,0.467818,0.000000,0.000000
1669126625.686280,0.467239,0.000000,0.000000
1669126625.886602,0.470557,0.000000,0.000000
1669126626.086700,0.475770,0.000000,0.000000
1669126626.287081,0.475146,0.000000,0.000000
1669126626.486162,0.479336,0.000000,0.000000
1669126626.687038,0.481777,0.000000,0.000000
1669126626.886177,0.484436,0.000000,0.000000
1669126627.086325,0.480976,0.000000,0.000000
1669126627.286768,0.480976,0.000000,0.000000
1669126627.486279,0.487974,0.000000,0.000000
1669126627.686602,0.489510,0.000000,0.000000
1669126627.886347,0.490361,0.689314,0.000000
1669126628.086966,0.490361,0.689314,0.000000
1669126628.286173,0.491972,0.696428,0.000000
1669126628.486946,0.491972,0.696428,0.000000
1669126628.686283,0.489587,0.702051,0.000000
1669126628.887162,0.490338,0.704721,0.000000
1669126629.086422,0.490338,0.704721,0.000000
1669126629.286356,0.490849,0.709487,0.000000
1669126629.486849,0.489610,0.713396,0.000000
1669126629.686106,0.486588,0.720591,0.000000
1669126629.886926,0.492856,0.724794,0.000000
1669126630.086267,0.485873,0.725781,0.000000
1669126630.287089,0.480817,0.728017,0.000000
1669126630.486746,0.479458,0.729837,0.000000
1669126630.686264,0.479576,0.732548,0.000000
1669126630.887097,0.478616,0.735848,0.000000
1669126631.086956,0.479549,0.738739,0.000000
1669126631.287105,0.476609,0.737120,0.000000
1669126631.487204,0.478031,0.737145,0.000000
1669126631.686202,0.473648,0.737088,0.000000
1669126631.886936,0.473648,0.737088,0.000000
1669126632.086491,0.463884,0.743077,0.000000
1669126632.286391,0.463884,0.743077,0.000000
1669126632.486467,0.468225,0.753148,0.000000
1669126632.686988,0.469028,0.753222,0.000000
1669126632.886270,0.461416,0.753187,0.000000
1669126633.086826,0.470667,0.761951,0.000000
1669126633.286518,0.470667,0.761951,0.000000
1669126633.486801,0.472918,0.768571,0.000000
1669126633.686076,0.470630,0.780674,0.000000
1669126633.886665,0.472341,0.787324,0.000000
1669126634.086076,0.472626,0.793709,0.000000
1669126634.286372,0.471031,0.796568,0.000000
1669126634.486031,0.470499,0.799720,0.000000
1669126634.686430,0.465712,0.806197,0.000000
1669126634.886640,0.464383,0.807904,0.000000
1669126635.086650,0.463546,0.809988,0.000000
1669126635.287103,0.461665,0.815835,0.000000
1669126635.486164,0.462161,0.821484,0.000000
1669126635.686792,0.462161,0.821484,0.000000
1669126635.886219,0.462917,0.824167,0.000000
1669126636.087037,0.460937,0.826672,0.000000
1669126636.286217,0.460937,0.826672,0.000000
1669126636.486829,0.458068,0.830299,0.000000
1669126636.686942,0.456896,0.833998,0.000000
1669126636.886338,0.454404,0.844511,0.000000
1669126637.086562,0.453378,0.849760,0.000000
1669126637.286207,0.443998,0.851365,0.000000
1669126637.486980,0.443998,0.851365,0.000000
1669126637.686406,0.445645,0.855056,0.000000
1669126637.886168,0.448070,0.862370,0.000000
1669126638.086905,0.448070,0.862370,0.000000
1669126638.286257,0.446280,0.866604,0.000000
1669126638.486439,0.447343,0.871586,0.000000
1669126638.686208,0.444952,0.875508,0.000000
1669126638.886705,0.443026,0.879378,0.000000
1669126639.086035,0.439857,0.883096,0.000000
1669126639.286648,0.440822,0.886830,0.000000
1669126639.486069,0.438620,0.891947,0.000000
1669126639.686646,0.439416,0.895529,0.000000
1669126639.886046,0.437353,0.901569,0.000000
1669126640.086660,0.438122,0.908186,0.000000
1669126640.286052,0.437843,0.913349,0.000000
1669126640.486928,0.437843,0.913349,0.000000
1669126640.686709,0.439817,0.917635,0.000000
1669126640.886848,0.439833,0.921800,0.000000
1669126641.086769,0.439886,0.926567,0.000000
1669126641.286312,0.439447,0.930300,0.000000
1669126641.486808,0.438689,0.934895,0.000000
1669126641.686182,0.439933,0.939385,0.000000
1669126641.886937,0.439933,0.939385,0.000000
1669126642.086136,0.428233,0.928338,0.000000
1669126642.286924,0.428233,0.928338,0.000000
1669126642.486350,0.431511,0.928332,0.000000
1669126642.686694,0.433872,0.928394,0.000000
1669126642.886318,0.426583,0.934209,0.000000
1669126643.086953,0.426583,0.934209,0.000000
1669126643.286225,0.420917,0.939204,0.000000
1669126643.486627,0.423587,0.938347,0.000000
1669126643.686034,0.422764,0.938106,0.000000
1669126643.886949,0.422764,0.938106,0.000000
1669126644.086006,0.418731,0.938666,0.000000
1669126644.286672,0.418338,0.938159,0.000000
1669126644.486020,0.413345,0.940021,0.000000
1669126644.686728,0.413345,0.940021,0.000000
1669126644.886493,0.412273,0.940534,0.000000
1669126645.086097,0.407945,0.940782,0.000000
1669126645.286860,0.407945,0.940782,0.000000
1669126645.486761,0.407574,0.940824,0.000000
1669126645.686579,0.407981,0.940975,0.000000
1669126645.886047,0.404774,0.940829,0.000000
1669126646.086662,0.402007,0.940857,0.000000
1669126646.286014,0.401925,0.940674,0.000000
1669126646.486744,0.401925,0.940674,0.000000
1669126646.686402,0.401921,0.941067,0.000000
1669126646.886930,0.403166,0.941295,0.000000
1669126647.086376,0.405461,0.942212,0.000000
1669126647.286706,0.422908,0.938887,0.000000
1669126647.486359,0.405534,0.939874,0.000000
1669126647.686750,0.403977,0.941780,0.000000
1669126647.886078,0.399963,0.943948,0.000000
1669126648.086442,0.402172,0.945311,0.000000
1669126648.286939,0.402172,0.945311,0.000000
1669126648.486315,0.402896,0.946889,0.000000
1669126648.686199,0.403562,0.948119,0.000000
1669126648.886793,0.404282,0.949162,0.000000
1669126649.086226,0.407611,0.951218,0.000000
1669126649.286847,0.408109,0.952381,0.000000
1669126649.486895,0.408109,0.952381,0.000000
1669126649.686340,0.411150,0.955819,0.000000
1669126649.886786,0.410913,0.958225,0.000000
1669126650.086792,0.415695,0.961224,0.000000
1669126650.286293,0.417278,0.964107,0.000000
1669126650.486563,0.420465,0.966872,0.000000
1669126650.686274,0.422131,0.969815,0.000000
1669126650.886550,0.421436,0.973635,0.000000
1669126651.086220,0.435547,0.974382,0.000000
1669126651.286913,0.433293,0.977225,0.000000
1669126651.486331,0.434730,0.979970,0.000000
1669126651.686438,0.440930,0.981716,0.000000
1669126651.886189,0.449561,0.982194,0.000000
1669126652.086493,0.448680,0.984656,0.000000
1669126652.286369,0.456434,0.984977,0.000000
1669126652.486544,0.459596,0.985038,0.000000
1669126652.686261,0.464802,0.985063,0.000000
1669126652.886375,0.468790,0.985061,0.000000
1669126653.086200,0.470733,0.985070,0.000000
1669126653.286261,0.472015,0.992015,0.000000
1669126653.486763,0.473481,0.995833,0.000000
1669126653.686291,0.472573,0.998082,0.000000
1669126653.886397,0.479529,0.997665,0.000000
1669126654.086118,0.487450,0.997559,0.000000
1669126654.286286,0.477818,1.005793,0.000000
1669126654.486267,0.489016,1.005992,0.000000
1669126654.686362,0.494326,1.006012,0.000000
1669126654.886732,0.499241,1.006055,0.000000
1669126655.086287,0.505827,1.008222,0.000000
1669126655.286897,0.507024,1.013306,0.000000
1669126655.486299,0.509909,1.013736,0.000000
1669126655.686790,0.515669,1.014784,0.000000
1669126655.886273,0.520573,1.016915,0.000000
1669126656.086398,0.521756,1.017987,0.000000
1669126656.286750,0.517122,1.022747,0.000000
1669126656.486139,0.526092,1.024299,0.000000
1669126656.686297,0.528081,1.024609,0.000000
1669126656.886292,0.532050,1.024615,0.000000
1669126657.086285,0.534899,1.030572,0.000000
1669126657.286313,0.541239,1.033616,0.000000
1669126657.486318,0.545098,1.037586,0.000000
1669126657.686226,0.548060,1.039274,0.000000
1669126657.886749,0.549420,1.042711,0.000000
1669126658.086352,0.551409,1.044853,0.000000
1669126658.286263,0.554281,1.046303,0.000000
1669126658.486352,0.558323,1.047790,0.000000
1669126658.686312,0.559695,1.051708,0.000000
1669126658.886236,0.568042,1.053370,0.000000
1669126659.086879,0.568042,1.053370,0.000000
1669126659.286345,0.569659,1.058565,0.000000
1669126659.486660,0.572169,1.060212,0.000000
1669126659.686229,0.580333,1.062411,0.000000
1669126659.886314,0.581465,1.064424,0.000000
1669126660.086407,0.583053,1.066462,0.000000
1669126660.286355,0.584896,1.068636,0.000000
1669126660.486453,0.588080,1.072766,0.000000
1669126660.686384,0.590263,1.074661,0.000000
1669126660.886171,0.597122,1.076811,0.000000
1669126661.086313,0.597896,1.079696,0.000000
1669126661.286304,0.608445,1.080360,0.000000
1669126661.486329,0.604149,1.082836,0.000000
1669126661.686368,0.608082,1.088306,0.000000
1669126661.886274,0.612483,1.090530,0.000000
1669126662.086349,0.613357,1.094384,0.000000
1669126662.286277,0.614061,1.098041,0.000000
1669126662.486884,0.614061,1.098041,0.000000
1669126662.686266,0.622027,1.104266,0.000000
1669126662.886931,0.622027,1.104266,0.000000
1669126663.086128,0.618459,1.110955,0.000000
1669126663.286137,0.634422,1.111918,0.000000
1669126663.486103,0.632857,1.115307,0.000000
1669126663.686362,0.638916,1.115720,0.000000
1669126663.886155,0.645545,1.115831,0.000000
1669126664.086897,0.646160,1.115894,0.000000
1669126664.286363,0.651682,1.115919,0.000000
1669126664.486306,0.635376,0.000000,0.000000
1669126664.686330,0.646527,0.000000,0.000000
1669126664.886299,0.620246,0.000000,0.000000
1669126665.086349,0.642267,0.000000,0.000000
1669126665.286260,0.651335,0.000000,0.000000
1669126665.486252,0.644102,0.000000,0.000000
1669126665.686318,0.647018,0.000000,0.000000
1669126665.886248,0.657306,0.000000,0.000000
1669126666.086180,0.634085,0.000000,0.000000
1669126666.286257,0.646456,0.000000,0.000000
1669126666.486140,0.651798,0.000000,0.000000
1669126666.686308,0.659485,0.000000,0.000000
1669126666.886194,0.672066,0.000000,0.000000
1669126667.086917,0.672500,0.000000,0.000000
1669126667.286323,0.671141,0.000000,0.000000
1669126667.486063,0.672563,0.000000,0.000000
1669126667.686455,0.673396,0.000000,0.000000
1669126667.886295,0.675942,0.000000,0.000000
1669126668.086177,0.678616,0.000000,0.000000
1669126668.286944,0.678616,0.000000,0.000000
1669126668.486207,0.678275,0.000000,0.000000
1669126668.686681,0.679994,0.000000,0.000000
1669126668.886258,0.682016,0.000000,0.000000
1669126669.086276,0.682316,0.000000,0.000000
1669126669.286304,0.682152,0.000000,0.000000
1669126669.486384,0.681830,0.000000,0.000000
1669126669.686299,0.680688,0.000000,0.000000
1669126669.886279,0.681222,0.000000,0.000000
1669126670.086348,0.681417,0.000000,0.000000
1669126670.286294,0.679894,0.000000,0.000000
1669126670.486252,0.678654,0.000000,0.000000
1669126670.686339,0.679871,0.000000,0.000000
1669126670.886350,0.681471,0.000000,0.000000
1669126671.086237,0.681225,0.000000,0.000000
1669126671.286263,0.681704,0.000000,0.000000
1669126671.486304,0.676118,0.000000,0.000000
1669126671.686251,0.675868,0.000000,0.000000
1669126671.886272,0.678183,0.000000,0.000000
1669126672.086510,0.679078,0.000000,0.000000
1669126672.287071,0.677092,1.192082,0.000000
1669126672.486270,0.675391,1.194420,0.000000
1669126672.686267,0.674689,1.195987,0.000000
1669126672.886272,0.672182,1.197610,0.000000
1669126673.086729,0.671021,1.200295,0.000000
1669126673.286652,0.668285,1.203528,0.000000
1669126673.486160,0.666676,1.206815,0.000000
1669126673.686339,0.666586,1.208882,0.000000
1669126673.887041,0.667811,1.212946,0.000000
1669126674.086526,0.664859,1.216435,0.000000
1669126674.286270,0.666087,1.218833,0.000000
1669126674.486419,0.667157,1.220467,0.000000
1669126674.686268,0.665110,1.223182,0.000000
1669126674.886370,0.660658,1.226783,0.000000
1669126675.086386,0.658914,1.229078,0.000000
1669126675.286300,0.656778,1.231690,0.000000
1669126675.486297,0.653614,1.235033,0.000000
1669126675.686289,0.658662,1.238198,0.000000
1669126675.886301,0.662532,1.238489,0.000000
1669126676.086224,0.661997,1.238575,0.000000
1669126676.286315,0.656049,1.243070,0.000000
1669126676.486877,0.656049,1.243070,0.000000
1669126676.686226,0.650471,1.244239,0.000000
1669126676.886323,0.651547,1.244165,0.000000
1669126677.086637,0.650289,1.244169,0.000000
1669126677.286039,0.647920,1.244175,0.000000
1669126677.486623,0.646558,1.244169,0.000000
1669126677.686044,0.653430,1.250473,0.000000
1669126677.886308,0.651915,1.255050,0.000000
1669126678.086304,0.648589,1.258928,0.000000
1669126678.287082,0.649849,1.263095,0.000000
1669126678.486384,0.649849,1.263095,0.000000
1669126678.686300,0.637851,1.268592,0.000000
1669126678.886286,0.638854,1.272709,0.000000
1669126679.086762,0.638854,1.272709,0.000000
1669126679.286303,0.635118,1.282461,0.000000
1669126679.487159,0.631371,1.286146,0.000000
1669126679.686292,0.630167,1.288250,0.000000
1669126679.886093,0.625856,1.291599,0.000000
1669126680.086504,0.622958,1.295246,0.000000
1669126680.286108,0.624784,1.297817,0.000000
1669126680.486325,0.620183,1.300909,0.000000
1669126680.687011,0.619089,1.303704,0.000000
1669126680.886216,0.618407,1.306558,0.000000
1669126681.086637,0.616081,1.309255,0.000000
1669126681.286238,0.612715,1.312186,0.000000
1669126681.487061,0.610066,1.317269,0.000000
1669126681.686175,0.611497,1.319697,0.000000
1669126681.887021,0.608746,1.321810,0.000000
1669126682.086153,0.602378,1.329541,0.000000
1669126682.286444,0.605998,1.332343,0.000000
1669126682.487173,0.606163,1.334888,0.000000
1669126682.689636,0.603963,1.336950,0.000000
1669126682.886331,0.604335,1.339062,0.000000
1669126683.087355,0.604335,1.339062,0.000000
1669126683.286668,0.603424,1.341558,0.000000
1669126683.486292,0.595731,1.349130,0.000000
1669126683.686302,0.597033,1.352977,0.000000
1669126683.886959,0.597033,1.352977,0.000000
1669126684.086225,0.594624,1.358638,0.000000
1669126684.286303,0.593952,1.361886,0.000000
1669126684.487144,0.595469,1.365100,0.000000
1669126684.686250,0.590740,1.367278,0.000000
1669126684.886229,0.590251,1.369529,0.000000
1669126685.086171,0.587422,1.373520,0.000000
1669126685.287124,0.591600,1.375921,0.000000
1669126685.486349,0.584683,1.380023,0.000000
1669126685.686895,0.584683,1.380023,0.000000
1669126685.886258,0.589190,1.385507,0.000000
1669126686.087069,0.590175,1.388287,0.000000
1669126686.286911,0.590175,1.388287,0.000000
1669126686.486178,0.590632,1.395214,0.000000
1669126686.691602,0.592605,1.395298,0.000000
1669126686.886430,0.592605,1.395298,0.000000
1669126687.086264,0.595660,1.399945,0.000000
1669126687.287287,0.595660,1.399945,0.000000
1669126687.486425,0.587925,1.404166,0.000000
1669126687.686270,0.594114,1.407536,0.000000
1669126687.886302,0.582107,1.420158,0.000000
1669126688.086899,0.582107,1.420158,0.000000
1669126688.286170,0.595411,1.424040,0.000000
1669126688.486757,0.595031,1.425010,0.000000
1669126688.686079,0.596618,1.426294,0.000000
1669126688.886089,0.596028,1.427164,0.000000
1669126689.086944,0.596028,1.427164,0.000000
1669126689.286074,0.595728,1.431092,0.000000
1669126689.486180,0.594743,1.433857,0.000000
1669126689.686555,0.595460,1.435411,0.000000
1669126689.886135,0.596134,1.435791,0.000000
1669126690.086443,0.596373,1.436259,0.000000
1669126690.287037,0.594418,1.438296,0.000000
1669126690.486646,0.594604,1.440110,0.000000
1669126690.686096,0.593376,1.441566,0.000000
1669126690.887231,0.596011,1.443070,0.000000
1669126691.086977,0.597959,1.444364,0.000000
1669126691.286179,0.598493,1.446262,0.000000
1669126691.487178,0.598493,1.446262,0.000000
1669126691.686151,0.601025,1.449884,0.000000
1669126691.886636,0.601025,1.449884,0.000000
1669126692.086413,0.602922,1.451673,0.000000
1669126692.286933,0.603391,1.453278,0.000000
1669126692.486229,0.605632,1.455009,0.000000
1669126692.686418,0.604714,1.456477,0.000000
1669126692.886385,0.607813,1.459386,0.000000
1669126693.087092,0.607751,1.460753,0.000000
1669126693.286669,0.607751,1.460753,0.000000
1669126693.486300,0.611473,1.462882,0.000000
1669126693.686068,0.615583,1.466970,0.000000
1669126693.886593,0.616607,1.469192,0.000000
1669126694.086875,0.616607,1.469192,0.000000
1669126694.286249,0.623423,1.470023,0.000000
1669126694.486526,0.627681,1.472277,0.000000
1669126694.687104,0.628622,1.474851,0.000000
1669126694.886156,0.631035,1.478125,0.000000
1669126695.086823,0.635270,1.480925,0.000000
1669126695.286230,0.635563,1.484061,0.000000
1669126695.486757,0.635563,1.484061,0.000000
1669126695.686027,0.636943,1.491335,0.000000
1669126695.886098,0.645911,1.491594,0.000000
1669126696.086239,0.647049,1.493134,0.000000
1669126696.286878,0.647049,1.493134,0.000000
1669126696.486324,0.650926,1.495433,0.000000
1669126696.686078,0.659322,1.500323,0.000000
1669126696.886524,0.665615,1.500608,0.000000
1669126697.086655,0.665615,1.500608,0.000000
1669126697.286206,0.664347,1.507435,0.000000
1669126697.486897,0.664347,1.507435,0.000000
1669126697.686288,0.670104,1.510538,0.000000
1669126697.886393,0.675372,1.514097,0.000000
1669126698.086824,0.675372,1.514097,0.000000
1669126698.286943,0.690731,1.513601,0.000000
1669126698.486300,0.692966,1.515547,0.000000
1669126698.686182,0.690673,1.523534,0.000000
1669126698.886579,0.697248,1.523470,0.000000
1669126699.086490,0.701673,1.526042,0.000000
1669126699.287066,0.709398,1.527955,0.000000
1669126699.486509,0.709687,1.528134,0.000000
1669126699.687087,0.709166,1.528150,0.000000
1669126699.886191,0.712630,1.530155,0.000000
1669126700.086921,0.712630,1.530155,0.000000
1669126700.286080,0.726299,1.535617,0.000000
1669126700.486953,0.726299,1.535617,0.000000
1669126700.686374,0.728927,1.537302,0.000000
1669126700.886669,0.728886,1.540362,0.000000
1669126701.086258,0.732619,1.541773,0.000000
1669126701.286318,0.731663,1.542049,0.000000
1669126701.486339,0.737329,1.544169,0.000000
1669126701.686028,0.747738,1.550938,0.000000
1669126701.886878,0.747738,1.550938,0.000000
1669126702.086042,0.753548,1.554281,0.000000
1669126702.286871,0.753548,1.554281,0.000000
1669126702.486320,0.756555,1.557208,0.000000
1669126702.686296,0.759218,1.558963,0.000000
1669126702.886070,0.761639,1.562851,0.000000
1669126703.086780,0.763612,1.565272,0.000000
1669126703.286071,0.765552,1.566817,0.000000
1669126703.487502,0.770082,1.568285,0.000000
1669126703.686628,0.769825,1.569716,0.000000
1669126703.886841,0.769825,1.569716,0.000000
1669126704.086030,0.774170,1.575209,0.000000
1669126704.289881,0.775615,1.577693,0.000000
1669126704.486243,0.780570,1.581580,0.000000
1669126704.686270,0.780570,1.581580,0.000000
1669126704.886415,0.783037,1.583782,0.000000
1669126705.086040,0.789745,1.591858,0.000000
1669126705.286706,0.789745,1.591858,0.000000
1669126705.486560,0.789594,1.594145,0.000000
1669126705.686923,0.793792,0.000000,0.000000
1669126705.886044,0.797043,0.000000,0.000000
1669126706.086749,0.797043,0.000000,0.000000
1669126706.286180,0.800696,0.000000,0.000000
1669126706.486942,0.800696,0.000000,0.000000
1669126706.686277,0.813951,0.000000,0.000000
1669126706.886851,0.805066,0.000000,0.000000
1669126707.086257,0.805958,0.000000,0.000000
1669126707.286376,0.816713,0.000000,0.000000
1669126707.486223,0.815589,0.000000,0.000000
1669126707.686168,0.820168,0.000000,0.000000
1669126707.886037,0.827405,0.000000,0.000000
1669126708.089586,0.831625,0.000000,0.000000
1669126708.286285,0.831625,0.000000,0.000000
1669126708.486795,0.831625,0.000000,0.000000
1669126708.686077,0.815966,0.000000,0.000000
1669126708.886837,0.815966,0.000000,0.000000
1669126709.086270,0.814848,0.000000,0.000000
1669126709.291877,0.817375,0.000000,0.000000
1669126709.486828,0.817375,0.000000,0.000000
1669126709.686386,0.830722,0.000000,0.000000
1669126709.886784,0.837748,0.000000,0.000000
1669126710.086289,0.839954,0.000000,0.000000
1669126710.286423,0.843785,0.000000,0.000000
1669126710.486283,0.834004,0.000000,0.000000
1669126710.686318,0.835955,0.000000,0.000000
1669126710.886668,0.839155,0.000000,0.000000
1669126711.086048,0.828496,0.000000,0.000000
1669126711.286773,0.828496,0.000000,0.000000
1669126711.486292,0.839371,0.000000,0.000000
1669126711.686934,0.842921,0.000000,0.000000
1669126711.886269,0.845133,0.000000,0.000000
1669126712.086720,0.844230,0.000000,0.000000
1669126712.286055,0.850924,0.000000,0.000000
1669126712.486770,0.850924,0.000000,0.000000
1669126712.686279,0.853892,0.000000,0.000000
1669126712.886319,0.855099,0.000000,0.000000
1669126713.086298,0.854896,0.000000,0.000000
1669126713.286161,0.847712,0.000000,0.000000
1669126713.486708,0.849062,0.000000,0.000000
1669126713.686210,0.854879,0.000000,0.000000
1669126713.886946,0.850036,0.000000,0.000000
1669126714.086721,0.848558,0.000000,0.000000
1669126714.286335,0.847145,0.000000,0.000000
1669126714.486480,0.847879,0.000000,0.000000
1669126714.686392,0.847185,0.000000,0.000000
1669126714.886906,0.844809,0.000000,0.000000
1669126715.086840,0.843707,0.000000,0.000000
1669126715.286278,0.842711,0.000000,0.000000
1669126715.486634,0.841788,0.000000,0.000000
1669126715.686351,0.840442,0.000000,0.000000
1669126715.886316,0.840276,0.000000,0.000000
1669126716.086952,0.838180,0.000000,0.000000
1669126716.286961,0.836285,0.000000,0.000000
1669126716.486336,0.832923,0.000000,0.000000
1669126716.686301,0.832470,0.000000,0.000000
1669126716.886328,0.832776,1.722412,0.000000
1669126717.086235,0.831155,1.724905,0.000000
1669126717.286564,0.829610,1.726261,0.000000
1669126717.486344,0.828910,1.729053,0.000000
1669126717.686304,0.826867,1.731984,0.000000
1669126717.886285,0.823598,1.734470,0.000000
1669126718.086352,0.824644,1.736857,0.000000
1669126718.286361,0.820879,1.739106,0.000000
1669126718.486377,0.821822,1.741673,0.000000
1669126718.686838,0.819042,1.744184,0.000000
1669126718.886293,0.815191,1.745464,0.000000
1669126719.086309,0.812359,1.748314,0.000000
1669126719.286304,0.813156,1.752091,0.000000
1669126719.486317,0.813863,1.752379,0.000000
1669126719.686344,0.812960,1.754554,0.000000
1669126719.886280,0.804027,1.757781,0.000000
1669126720.086358,0.800187,1.760931,0.000000
1669126720.286340,0.796326,1.764803,0.000000
1669126720.486349,0.803030,1.765472,0.000000
1669126720.686786,0.805888,1.765652,0.000000
1669126720.886297,0.799295,1.774235,0.000000
1669126721.086823,0.794529,1.777698,0.000000
1669126721.286660,0.794529,1.777698,0.000000
1669126721.486356,0.794663,1.778011,0.000000
1669126721.686353,0.794496,1.778086,0.000000
1669126721.886287,0.760337,1.782166,0.000000
1669126722.086949,0.760337,1.782166,0.000000
1669126722.286342,0.783748,1.783659,0.000000
1669126722.486953,0.783748,1.783659,0.000000
1669126722.686359,0.794303,1.792362,0.000000
1669126722.886355,0.793123,1.795621,0.000000
1669126723.086302,0.794258,1.798110,0.000000
1669126723.286447,0.790320,1.801558,0.000000
1669126723.486314,0.783270,1.801946,0.000000
1669126723.686262,0.780644,1.807092,0.000000
1669126723.886295,0.780115,1.810544,0.000000
1669126724.086263,0.779758,1.813197,0.000000
1669126724.286310,0.774957,1.815541,0.000000
1669126724.486322,0.773274,1.818211,0.000000
1669126724.686265,0.770396,1.821004,0.000000
1669126724.886267,0.765787,1.824637,0.000000
1669126725.086279,0.765081,1.827396,0.000000
1669126725.286256,0.764487,1.830093,0.000000
1669126725.486250,0.765242,1.831947,0.000000
1669126725.686369,0.761501,1.834611,0.000000
1669126725.886257,0.761787,1.836126,0.000000
1669126726.086336,0.753545,1.839957,0.000000
1669126726.286336,0.755665,1.842358,0.000000
1669126726.486121,0.755173,1.844309,0.000000
1669126726.686313,0.749611,1.849902,0.000000
1669126726.886277,0.750000,1.852739,0.000000
1669126727.086342,0.746488,1.854427,0.000000
1669126727.286337,0.747896,1.856660,0.000000
1669126727.486360,0.744908,1.858665,0.000000
1669126727.686103,0.742684,1.860821,0.000000
1669126727.886283,0.740599,1.863035,0.000000
1669126728.086137,0.738432,1.867459,0.000000
1669126728.286936,0.738432,1.867459,0.000000
1669126728.486276,0.738579,1.875746,0.000000
1669126728.686295,0.737229,1.877634,0.000000
1669126728.886194,0.738022,1.881246,0.000000
1669126729.086187,0.737768,1.885414,0.000000
1669126729.286284,0.738128,1.889475,0.000000
1669126729.486291,0.737272,1.893886,0.000000
1669126729.686230,0.737916,1.898656,0.000000
1669126729.886293,0.734102,1.903147,0.000000
1669126730.086277,0.735311,1.905774,0.000000
1669126730.286288,0.736102,1.908576,0.000000
1669126730.486245,0.733568,1.912113,0.000000
1669126730.686166,0.732825,1.915481,0.000000
1669126730.886135,0.732975,1.919166,0.000000
1669126731.086254,0.736880,1.924005,0.000000
1669126731.286863,0.744578,1.924554,0.000000
1669126731.486497,0.743266,1.929234,0.000000
1669126731.686319,0.754762,1.936346,0.000000
1669126731.886649,0.749270,1.946966,0.000000
1669126732.086119,0.758201,1.950307,0.000000
1669126732.286627,0.761017,1.953373,0.000000
1669126732.486202,0.756366,1.953694,0.000000
1669126732.686280,0.755969,1.956051,0.000000
1669126732.886268,0.760492,1.958357,0.000000
1669126733.086328,0.758035,1.960314,0.000000
1669126733.286094,0.764814,1.962621,0.000000
1669126733.486333,0.764219,1.964785,0.000000
1669126733.686321,0.764801,1.966690,0.000000
1669126733.886201,0.765836,1.968453,0.000000
1669126734.086304,0.762447,1.972456,0.000000
1669126734.286295,0.765379,1.976448,0.000000
1669126734.486305,0.766325,1.979940,0.000000
1669126734.686128,0.767057,1.982442,0.000000
1669126734.886174,0.768287,1.984759,0.000000
1669126735.086416,0.767816,1.987555,0.000000
1669126735.286509,0.769320,1.990520,0.000000
1669126735.486664,0.771106,1.993092,0.000000
1669126735.686331,0.772748,1.995354,0.000000
1669126735.886268,0.775213,1.996958,0.000000
1669126736.086040,0.780748,1.998965,0.000000
1669126736.286159,0.779944,2.000947,0.000000
1669126736.486432,0.783273,2.002840,0.000000
1669126736.686051,0.786364,2.004475,0.000000
1669126736.886331,0.785650,2.006986,0.000000
1669126737.086223,0.789481,2.008668,0.000000
1669126737.286044,0.790809,2.011006,0.000000
1669126737.486340,0.792378,2.012843,0.000000
1669126737.686121,0.795626,2.015462,0.000000
1669126737.886351,0.797430,2.017646,0.000000
1669126738.086772,0.787685,2.022422,0.000000
1669126738.286263,0.799437,2.024793,0.000000
1669126738.486381,0.801260,2.027289,0.000000
1669126738.686371,0.805416,2.029273,0.000000
1669126738.886264,0.808866,2.031864,0.000000
1669126739.086102,0.812313,2.033777,0.000000
1669126739.286268,0.817058,2.037583,0.000000
1669126739.486127,0.818509,2.038967,0.000000
1669126739.686130,0.821584,2.040473,0.000000
1669126739.886090,0.825406,2.042550,0.000000
1669126740.087183,0.828859,2.044027,0.000000
1669126740.286427,0.828859,2.044027,0.000000
1669126740.486353,0.835447,2.050617,0.000000
1669126740.687075,0.834527,2.053609,0.000000
1669126740.886201,0.834987,2.056389,0.000000
1669126741.086852,0.839503,2.058992,0.000000
1669126741.287047,0.850576,2.059593,0.000000
1669126741.486477,0.856054,2.059706,0.000000
1669126741.686279,0.858768,2.059743,0.000000
1669126741.887159,0.864770,2.059745,0.000000
1669126742.087070,0.849182,2.066247,0.000000
1669126742.286176,0.824846,2.067653,0.000000
1669126742.486783,0.824846,2.067653,0.000000
1669126742.686157,0.859788,2.079680,0.000000
1669126742.886237,0.871645,2.080043,0.000000
1669126743.086796,0.871645,2.080043,0.000000
1669126743.286112,0.868620,2.087672,0.000000
1669126743.486412,0.874638,2.090231,0.000000
1669126743.686122,0.876607,2.091641,0.000000
1669126743.886148,0.884709,2.093919,0.000000
1669126744.086879,0.884709,2.093919,0.000000
1669126744.286110,0.893842,2.095171,0.000000
1669126744.486081,0.899300,2.095112,0.000000
1669126744.686126,0.899466,2.095118,0.000000
1669126744.886064,0.907900,2.097533,0.000000
1669126745.086067,0.907907,2.100705,0.000000
1669126745.286700,0.912339,2.105336,0.000000
1669126745.486309,0.915244,2.109083,0.000000
1669126745.686378,0.917296,2.111625,0.000000
1669126745.886217,0.917836,2.111770,0.000000
1669126746.086651,0.926531,2.114715,0.000000
1669126746.286419,0.928655,2.117033,0.000000
1669126746.486602,0.929506,2.119115,0.000000
1669126746.686097,0.932179,0.000000,0.000000
1669126746.887989,0.938896,0.000000,0.000000
1669126747.086256,0.938226,0.000000,0.000000
1669126747.286762,0.938226,0.000000,0.000000
1669126747.486190,0.940225,0.000000,0.000000
1669126747.686515,0.944393,0.000000,0.000000
1669126747.887203,0.945283,0.000000,0.000000
1669126748.086566,0.945283,0.000000,0.000000
1669126748.286274,0.945266,0.000000,0.000000
1669126748.486832,0.947145,0.000000,0.000000
1669126748.686867,0.947145,0.000000,0.000000
1669126748.886277,0.950253,0.000000,0.000000
1669126749.086244,0.954034,0.000000,0.000000
1669126749.286695,0.955559,0.000000,0.000000
1669126749.486292,0.956087,0.000000,0.000000
1669126749.686087,0.955928,0.000000,0.000000
1669126749.886947,0.955928,0.000000,0.000000
1669126750.086103,0.960024,0.000000,0.000000
1669126750.286618,0.964211,0.000000,0.000000
1669126750.486370,0.964272,0.000000,0.000000
1669126750.686103,0.963743,0.000000,0.000000
1669126750.886616,0.964946,0.000000,0.000000
1669126751.086620,0.965280,0.000000,0.000000
1669126751.286034,0.972074,0.000000,0.000000
1669126751.486751,0.972074,0.000000,0.000000
1669126751.686753,0.971663,0.000000,0.000000
1669126751.886917,0.971449,0.000000,0.000000
1669126752.086973,0.971449,0.000000,0.000000
1669126752.286964,0.974835,0.000000,0.000000
1669126752.486379,0.980284,0.000000,0.000000
1669126752.686859,0.977587,0.000000,0.000000
1669126752.886225,0.985143,0.000000,0.000000
1669126753.086888,0.985143,0.000000,0.000000
1669126753.286944,0.985143,0.000000,0.000000
1669126753.486109,0.945013,0.000000,0.000000
1669126753.686349,0.967421,0.000000,0.000000
1669126753.886211,0.941255,0.000000,0.000000
1669126754.086876,0.941255,0.000000,0.000000
1669126754.286307,0.971092,0.000000,0.000000
1669126754.486434,0.966310,0.000000,0.000000
1669126754.686668,0.978320,0.000000,0.000000
1669126754.887044,0.981270,0.000000,0.000000
1669126755.086678,0.981270,0.000000,0.000000
1669126755.286777,0.983054,0.000000,0.000000
1669126755.486134,0.979575,0.000000,0.000000
1669126755.686759,0.979575,0.000000,0.000000
1669126755.886111,0.969910,0.000000,0.000000
1669126756.086997,0.977704,0.000000,0.000000
1669126756.286313,0.977704,0.000000,0.000000
1669126756.486803,0.963227,0.000000,0.000000
1669126756.686263,0.977179,0.000000,0.000000
1669126756.887053,0.978176,0.000000,0.000000
1669126757.086284,0.976170,0.000000,0.000000
1669126757.287043,0.977923,0.000000,0.000000
1669126757.486276,0.977923,0.000000,0.000000
1669126757.686228,0.984937,0.000000,0.000000
1669126757.886344,0.986671,0.000000,0.000000
1669126758.086903,0.986671,0.000000,0.000000
1669126758.286188,0.980358,0.000000,0.000000
1669126758.487062,0.978293,0.000000,0.000000
1669126758.686195,0.975070,0.000000,0.000000
1669126758.887066,0.975142,0.000000,0.000000
1669126759.086185,0.971273,0.000000,0.000000
1669126759.286758,0.971273,0.000000,0.000000
1669126759.486247,0.966380,0.000000,0.000000
1669126759.687028,0.966769,0.000000,0.000000
1669126759.886544,0.963804,0.000000,0.000000
1669126760.086650,0.963804,0.000000,0.000000
1669126760.286246,0.961041,0.000000,0.000000
1669126760.486886,0.961041,0.000000,0.000000
1669126760.686281,0.956697,0.000000,0.000000
1669126760.886840,0.954959,0.000000,0.000000
1669126761.086338,0.954133,0.000000,0.000000
1669126761.286929,0.954133,0.000000,0.000000
1669126761.486356,0.947321,0.000000,0.000000
1669126761.686872,0.945825,0.000000,0.000000
1669126761.886337,0.942714,0.000000,0.000000
1669126762.086200,0.938642,2.324748,0.000000
1669126762.286976,0.938642,2.324748,0.000000
1669126762.486472,0.934996,2.328439,0.000000
1669126762.686082,0.931773,2.334348,0.000000
1669126762.886615,0.932942,2.336579,0.000000
1669126763.086085,0.927540,2.339517,0.000000
1669126763.286879,0.927540,2.339517,0.000000
1669126763.486611,0.924012,2.342566,0.000000
1669126763.686594,0.921399,2.344070,0.000000
1669126763.886524,0.915470,2.346300,0.000000
1669126764.086025,0.915342,2.351368,0.000000
1669126764.286801,0.915342,2.351368,0.000000
1669126764.486510,0.910020,2.354089,0.000000
1669126764.686937,0.907229,2.359271,0.000000
1669126764.886884,0.907229,2.359271,0.000000
1669126765.086251,0.902560,2.363298,0.000000
1669126765.286960,0.902560,2.363298,0.000000
1669126765.486281,0.898851,2.367136,0.000000
1669126765.686706,0.897350,2.371602,0.000000
1669126765.886225,0.907212,2.383073,0.000000
1669126766.087047,0.903425,2.383119,0.000000
1669126766.286180,0.898896,2.383124,0.000000
1669126766.486989,0.898896,2.383124,0.000000
1669126766.686368,0.894588,2.383115,0.000000
1669126766.886301,0.905076,2.388607,0.000000
1669126767.086830,0.906500,2.393134,0.000000
1669126767.286932,0.906500,2.393134,0.000000
1669126767.486357,0.903089,2.397057,0.000000
1669126767.686346,0.897460,2.400486,0.000000
1669126767.886178,0.885190,2.404846,0.000000
1669126768.086404,0.888195,2.407331,0.000000
1669126768.287190,0.888195,2.407331,0.000000
1669126768.487212,0.888908,2.410095,0.000000
1669126768.686171,0.883434,2.415875,0.000000
1669126768.891515,0.881598,2.419100,0.000000
1669126769.086294,0.881598,2.419100,0.000000
1669126769.286513,0.875316,2.424067,0.000000
1669126769.486346,0.875316,2.424067,0.000000
1669126769.686761,0.873643,2.426807,0.000000
1669126769.886331,0.870056,2.430117,0.000000
1669126770.086569,0.868225,2.433065,0.000000
1669126770.286411,0.867036,2.435747,0.000000
1669126770.486943,0.865636,2.438469,0.000000
1669126770.686401,0.866053,2.441308,0.000000
1669126770.886533,0.862802,2.443959,0.000000
1669126771.086290,0.859174,2.448506,0.000000
1669126771.286343,0.859174,2.448506,0.000000
1669126771.486288,0.857657,2.451695,0.000000
1669126771.686365,0.855667,2.453719,0.000000
1669126771.886157,0.854265,2.458537,0.000000
1669126772.087353,0.854265,2.458537,0.000000
1669126772.286207,0.849274,2.463520,0.000000
1669126772.486980,0.849274,2.463520,0.000000
1669126772.686288,0.847116,2.466013,0.000000
1669126772.886279,0.846031,2.468323,0.000000
1669126773.086115,0.845541,2.470988,0.000000
1669126773.286856,0.844578,2.473028,0.000000
1669126773.486323,0.843171,2.475328,0.000000
1669126773.686686,0.846429,2.479261,0.000000
1669126773.886748,0.847077,2.482392,0.000000
1669126774.086237,0.843513,2.484571,0.000000
1669126774.286846,0.844413,2.488471,0.000000
1669126774.486300,0.845870,2.493451,0.000000
1669126774.686389,0.845238,2.497864,0.000000
1669126774.886225,0.844105,2.502689,0.000000
1669126775.086334,0.844531,2.505079,0.000000
1669126775.286396,0.841310,2.509794,0.000000
1669126775.486868,0.848943,2.510454,0.000000
1669126775.686400,0.853723,2.510618,0.000000
1669126775.886300,0.847233,2.514744,0.000000
1669126776.093286,0.843145,2.519847,0.000000
1669126776.286411,0.844425,2.523434,0.000000
1669126776.486362,0.851625,2.523987,0.000000
1669126776.686369,0.858083,2.524147,0.000000
1669126776.886227,0.861919,2.524218,0.000000
1669126777.086278,0.853754,2.529598,0.000000
1669126777.286394,0.858120,2.529814,0.000000
1669126777.486267,0.815711,2.535005,0.000000
1669126777.686242,0.842643,2.536191,0.000000
1669126777.886247,0.855897,2.536407,0.000000
1669126778.086812,0.873240,2.541692,0.000000
1669126778.286330,0.878971,2.544982,0.000000
1669126778.486929,0.876048,2.547595,0.000000
1669126778.686270,0.883975,2.550647,0.000000
1669126778.886373,0.882178,2.552793,0.000000
1669126779.086427,0.882346,2.554805,0.000000
1669126779.286391,0.879780,2.559535,0.000000
1669126779.486319,0.887114,2.564116,0.000000
1669126779.686287,0.886704,2.568102,0.000000
1669126779.886305,0.888076,2.572308,0.000000
1669126780.086328,0.888899,2.576041,0.000000
1669126780.286329,0.891690,2.578836,0.000000
1669126780.486322,0.893034,2.581356,0.000000
1669126780.686550,0.894798,2.583532,0.000000
1669126780.886264,0.898946,2.585909,0.000000
1669126781.086935,0.899048,2.587631,0.000000
1669126781.286380,0.900961,2.589708,0.000000
1669126781.486860,0.904305,2.592041,0.000000
1669126781.686303,0.906627,2.594087,0.000000
1669126781.886175,0.909975,2.596234,0.000000
1669126782.086204,0.911504,2.598387,0.000000
1669126782.286210,0.913789,2.600170,0.000000
1669126782.486399,0.916996,2.603090,0.000000
1669126782.686870,0.916996,2.603090,0.000000
1669126782.886265,0.920946,2.606144,0.000000
1669126783.086187,0.921836,2.608191,0.000000
1669126783.286374,0.921111,2.610622,0.000000
1669126783.486980,0.923810,2.612854,0.000000
1669126783.686299,0.926819,2.615053,0.000000
1669126783.886369,0.928872,2.617869,0.000000
1669126784.086356,0.930762,2.619583,0.000000
1669126784.286900,0.934123,2.621983,0.000000
1669126784.486378,0.936295,2.623979,0.000000
1669126784.686394,0.938520,2.626078,0.000000
1669126784.886270,0.940469,2.627773,0.000000
1669126785.086228,0.942816,2.629749,0.000000
1669126785.286580,0.947704,2.631704,0.000000
1669126785.486247,0.946168,2.634553,0.000000
1669126785.686625,0.952409,2.638116,0.000000
1669126785.886358,0.949491,2.641260,0.000000
1669126786.086331,0.952784,2.644021,0.000000
1669126786.286179,0.957202,2.647215,0.000000
1669126786.486129,0.956924,2.650490,0.000000
1669126786.686198,0.965898,2.651080,0.000000
1669126786.886095,0.972992,2.651240,0.000000
1669126787.086864,0.976646,2.651287,0.000000
1669126787.286408,0.965683,2.656308,0.000000
1669126787.486895,0.976664,2.656852,0.000000
1669126787.686069,0.980323,2.662429,0.000000
1669126787.886348,0.982999,0.000000,0.000000
1669126788.086864,0.982999,0.000000,0.000000
1669126788.286330,0.963687,0.000000,0.000000
1669126788.486328,0.975846,0.000000,0.000000
1669126788.686302,0.974064,0.000000,0.000000
1669126788.886254,0.988072,0.000000,0.000000
1669126789.086323,0.979946,0.000000,0.000000
1669126789.286345,0.994173,0.000000,0.000000
1669126789.486314,0.997834,0.000000,0.000000
1669126789.686254,1.001043,0.000000,0.000000
1669126789.886854,1.001043,0.000000,0.000000
1669126790.086289,1.003703,0.000000,0.000000
1669126790.286265,1.011305,0.000000,0.000000
1669126790.486254,1.016245,0.000000,0.000000
1669126790.686345,1.012721,0.000000,0.000000
1669126790.886252,1.019361,0.000000,0.000000
1669126791.086439,1.024526,0.000000,0.000000
1669126791.286371,1.023760,0.000000,0.000000
1669126791.486195,1.024138,0.000000,0.000000
1669126791.687116,1.024703,0.000000,0.000000
1669126791.886215,1.028085,0.000000,0.000000
1669126792.086666,1.030891,0.000000,0.000000
1669126792.286195,1.032322,0.000000,0.000000
1669126792.486622,1.032659,0.000000,0.000000
1669126792.686299,1.032210,0.000000,0.000000
1669126792.886244,1.033122,0.000000,0.000000
1669126793.086174,1.032715,0.000000,0.000000
1669126793.286341,1.031385,0.000000,0.000000
1669126793.486313,1.030059,0.000000,0.000000
1669126793.686311,1.033218,0.000000,0.000000
1669126793.886260,1.033167,0.000000,0.000000
1669126794.086118,1.035132,0.000000,0.000000
1669126794.286255,1.031778,0.000000,0.000000
1669126794.486125,1.036996,0.000000,0.000000
1669126794.686155,1.034921,0.000000,0.000000
1669126794.886104,1.034523,0.000000,0.000000
1669126795.086118,1.035096,0.000000,0.000000
1669126795.286083,1.033657,0.000000,0.000000
1669126795.486328,1.033489,0.000000,0.000000
1669126795.686297,1.034387,0.000000,0.000000
1669126795.886285,1.035482,0.000000,0.000000
1669126796.086198,1.035146,0.000000,0.000000
1669126796.286513,1.036765,0.000000,0.000000
1669126796.486846,1.042968,0.000000,0.000000
1669126796.686501,1.034439,0.000000,0.000000
1669126796.886923,1.034439,0.000000,0.000000
1669126797.086254,1.034979,0.000000,0.000000
1669126797.286580,1.030767,0.000000,0.000000
1669126797.486784,1.028830,0.000000,0.000000
1669126797.686189,1.037568,0.000000,0.000000
1669126797.886278,1.034754,0.000000,0.000000
1669126798.086662,1.029448,0.000000,0.000000
1669126798.286291,1.032491,0.000000,0.000000
1669126798.486270,1.034919,0.000000,0.000000
1669126798.686245,1.035064,0.000000,0.000000
1669126798.886110,1.033153,0.000000,0.000000
1669126799.086101,1.020546,0.000000,0.000000
1669126799.286304,1.025840,0.000000,0.000000
1669126799.486139,1.027309,0.000000,0.000000
1669126799.686246,1.015423,0.000000,0.000000
1669126799.886102,1.011465,0.000000,0.000000
1669126800.086097,1.018881,0.000000,0.000000
1669126800.286216,1.009175,0.000000,0.000000
1669126800.487055,1.014988,0.000000,0.000000
1669126800.686435,1.015293,0.000000,0.000000
1669126800.886372,1.010703,0.000000,0.000000
1669126801.086502,1.014826,0.000000,0.000000
1669126801.287076,1.019204,0.000000,0.000000
1669126801.487075,1.024144,0.000000,0.000000
1669126801.686279,1.017004,0.000000,0.000000
1669126801.886966,1.020258,0.000000,0.000000
1669126802.086139,1.019991,0.000000,0.000000
1669126802.287001,1.018749,0.000000,0.000000
1669126802.486113,1.014809,0.000000,0.000000
1669126802.687082,1.014809,0.000000,0.000000
1669126802.886295,1.011040,0.000000,0.000000
1669126803.086319,1.009302,0.000000,0.000000
1669126803.286171,1.010577,0.000000,0.000000
1669126803.487140,1.007333,0.000000,0.000000
1669126803.686283,1.006626,0.000000,0.000000
1669126803.886098,1.001097,0.000000,0.000000
1669126804.086297,0.996807,0.000000,0.000000
1669126804.286320,0.996649,0.000000,0.000000
1669126804.486539,0.993620,0.000000,0.000000
1669126804.686283,0.990189,0.000000,0.000000
1669126804.886371,0.988294,0.000000,0.000000
1669126805.087041,0.984616,0.000000,0.000000
1669126805.286181,0.982266,0.000000,0.000000
1669126805.487068,0.981015,0.000000,0.000000
1669126805.686153,0.980005,0.000000,0.000000
1669126805.886617,0.978571,0.000000,0.000000
1669126806.086604,0.971468,0.000000,0.000000
1669126806.286335,0.967356,0.000000,0.000000
1669126806.486528,0.965709,0.000000,0.000000
1669126806.686780,0.965709,0.000000,0.000000
1669126806.886428,0.962953,0.000000,0.000000
1669126807.086116,0.957484,2.898551,0.000000
1669126807.286905,0.957484,2.898551,0.000000
1669126807.486793,0.954729,2.901365,0.000000
1669126807.686182,0.950193,2.906297,0.000000
1669126807.886225,0.949103,2.908469,0.000000
1669126808.086097,0.947906,2.911737,0.000000
1669126808.286419,0.943705,2.914420,0.000000
1669126808.486275,0.939804,2.916867,0.000000
1669126808.686963,0.939804,2.916867,0.000000
1669126808.886121,0.932957,2.920058,0.000000
1669126809.086050,0.931632,2.923838,0.000000
1669126809.286113,0.926012,2.927754,0.000000
1669126809.486648,0.925137,2.929678,0.000000
1669126809.686279,0.922115,2.931784,0.000000
1669126809.886539,0.918375,2.934420,0.000000
1669126810.086076,0.915278,2.936964,0.000000
1669126810.286850,0.910710,2.940351,0.000000
1669126810.486629,0.907799,2.943316,0.000000
1669126810.686110,0.887123,2.946073,0.000000
1669126810.887141,0.900917,2.945530,0.000000
1669126811.086782,0.900917,2.945530,0.000000
1669126811.286160,0.905999,2.945489,0.000000
1669126811.487170,0.905999,2.945489,0.000000
1669126811.686355,0.905361,2.945464,0.000000
1669126811.886887,0.918350,2.950806,0.000000
1669126812.086673,0.907587,2.951183,0.000000
1669126812.286400,0.912733,2.955891,0.000000
1669126812.486198,0.910885,2.962257,0.000000
1669126812.686905,0.910885,2.962257,0.000000
1669126812.886253,0.906632,2.968588,0.000000
1669126813.086907,0.905224,2.970582,0.000000
1669126813.286208,0.905254,2.972224,0.000000
1669126813.487057,0.902181,2.976312,0.000000
1669126813.686259,0.899318,2.979268,0.000000
1669126813.887068,0.896235,2.983389,0.000000
1669126814.087057,0.895615,2.985112,0.000000
1669126814.286152,0.893667,2.987581,0.000000
1669126814.487006,0.893600,2.990132,0.000000
1669126814.686173,0.891604,2.991873,0.000000
1669126814.887049,0.889089,2.994891,0.000000
1669126815.086726,0.889134,2.997341,0.000000
1669126815.286963,0.889134,2.997341,0.000000
1669126815.486150,0.885198,3.001672,0.000000
1669126815.686924,0.885198,3.001672,0.000000
1669126815.886329,0.885911,3.006128,0.000000
1669126816.087052,0.884603,3.008160,0.000000
1669126816.286947,0.884603,3.008160,0.000000
1669126816.486270,0.882173,3.010560,0.000000
1669126816.687047,0.878350,3.022744,0.000000
1669126816.886460,0.879490,3.023830,0.000000
1669126817.086459,0.878840,3.025119,0.000000
1669126817.286049,0.877669,3.026905,0.000000
1669126817.486940,0.877669,3.026905,0.000000
1669126817.686311,0.877836,3.029802,0.000000
1669126817.886170,0.876652,3.033421,0.000000
1669126818.086931,0.877522,3.035962,0.000000
1669126818.286756,0.879220,3.038920,0.000000
1669126818.487071,0.878175,3.041914,0.000000
1669126818.686160,0.879847,3.044688,0.000000
1669126818.887102,0.878824,3.047849,0.000000
1669126819.086249,0.878080,3.051401,0.000000
1669126819.287378,0.877984,3.053629,0.000000
1669126819.486359,0.877984,3.053629,0.000000
1669126819.686079,0.882155,3.062291,0.000000
1669126819.886972,0.882622,3.066416,0.000000
1669126820.087001,0.882622,3.066416,0.000000
1669126820.286193,0.884666,3.069813,0.000000
1669126820.486903,0.884666,3.069813,0.000000
1669126820.686145,0.880298,3.077092,0.000000
1669126820.886945,0.880298,3.077092,0.000000
1669126821.086283,0.887735,3.077696,0.000000
1669126821.286361,0.891731,3.077822,0.000000
1669126821.486350,0.894443,3.077852,0.000000
1669126821.686967,0.896107,3.077871,0.000000
1669126821.886912,0.897534,3.077863,0.000000
1669126822.086153,0.900855,3.077890,0.000000
1669126822.286824,0.900855,3.077890,0.000000
1669126822.486371,0.902825,3.077874,0.000000
1669126822.686155,0.918168,3.087503,0.000000
1669126822.887124,0.921310,3.091086,0.000000
1669126823.086176,0.921881,3.094166,0.000000
1669126823.287101,0.923662,3.097064,0.000000
1669126823.486141,0.930040,3.099262,0.000000
1669126823.687043,0.926130,3.101450,0.000000
1669126823.886555,0.926130,3.101450,0.000000
1669126824.086396,0.924148,3.108218,0.000000
1669126824.286816,0.924148,3.108218,0.000000
1669126824.486353,0.933399,3.112964,0.000000
1669126824.686195,0.933470,3.117202,0.000000
1669126824.886368,0.933160,3.121186,0.000000
1669126825.087021,0.938082,3.127582,0.000000
1669126825.286974,0.938082,3.127582,0.000000
1669126825.486272,0.941272,3.130072,0.000000
1669126825.687017,0.944598,3.133908,0.000000
1669126825.886083,0.945721,3.136233,0.000000
1669126826.086233,0.949415,3.136647,0.000000
1669126826.286241,0.950594,3.138040,0.000000
1669126826.486710,0.950594,3.138040,0.000000
1669126826.686269,0.952496,3.140065,0.000000
1669126826.886328,0.955870,3.142893,0.000000
1669126827.086239,0.956984,3.144816,0.000000
1669126827.286250,0.959024,3.146930,0.000000
1669126827.486142,0.962530,3.150944,0.000000
1669126827.686534,0.964151,3.152992,0.000000
1669126827.886622,0.964151,3.152992,0.000000
1669126828.086564,0.967481,3.157039,0.000000
1669126828.286223,0.967481,3.157039,0.000000
1669126828.486732,0.969449,3.159197,0.000000
1669126828.686068,0.973198,3.163062,0.000000
1669126828.889944,0.973928,3.165265,0.000000
1669126829.086210,0.973928,3.165265,0.000000
1669126829.286611,0.976535,3.115855,0.000000
1669126829.486296,0.982187,3.111406,0.000000
1669126829.686381,0.983681,3.109717,0.000000
1669126829.886396,0.983229,3.107744,0.000000
1669126830.086855,0.986026,3.105839,0.000000
1669126830.286835,0.992929,3.105195,0.000000
1669126830.486021,0.989773,3.098471,0.000000
1669126830.686457,0.989773,3.098471,0.000000
1669126830.886308,0.992605,3.095228,0.000000
1669126831.086057,1.002699,3.094377,0.000000
1669126831.286950,1.002699,3.094377,0.000000
1669126831.486354,0.998969,3.091068,0.000000
1669126831.686312,1.003977,3.090777,0.000000
1669126831.886129,1.008206,3.090652,0.000000
1669126832.094529,0.969007,3.076875,0.000000
1669126832.286373,0.969007,3.076875,0.000000
1669126832.486266,0.993442,3.076491,0.000000
1669126832.686064,0.995086,3.067697,0.000000
1669126832.886843,0.995086,3.067697,0.000000
1669126833.086917,1.006635,3.067639,0.000000
1669126833.286839,1.002149,3.063753,0.000000
1669126833.486227,1.014428,3.059056,0.000000
1669126833.686121,1.015239,3.057239,0.000000
1669126833.886188,1.013152,3.054570,0.000000
1669126834.086028,1.025503,3.051332,0.000000
1669126834.286762,1.018918,3.049762,0.000000
1669126834.486225,1.022538,3.049993,0.000000
1669126834.686305,1.024889,3.050047,0.000000
1669126834.886938,1.025978,3.050052,0.000000
1669126835.086148,1.026340,3.050052,0.000000
1669126835.286512,1.025493,3.050051,0.000000
1669126835.486306,1.026321,3.050054,0.000000
1669126835.686367,1.025553,3.050050,0.000000
1669126835.886269,0.992206,3.054732,0.000000
1669126836.086866,0.992206,3.054732,0.000000
1669126836.286617,1.009144,3.055902,0.000000
1669126836.486806,1.018478,3.056157,0.000000
1669126836.686277,1.021364,3.056167,0.000000
1669126836.886276,1.023031,3.056178,0.000000
1669126837.086126,1.023763,3.056183,0.000000
1669126837.286335,1.025884,3.056187,0.000000
1669126837.486310,1.026187,3.056187,0.000000
1669126837.686722,1.026466,3.056187,0.000000
1669126837.886307,1.026483,3.056188,0.000000
1669126838.086478,1.026486,3.056188,0.000000
1669126838.286912,1.026486,3.056188,0.000000
1669126838.486367,1.025255,3.056181,0.000000
1669126838.686290,0.997778,3.059872,0.000000
1669126838.886352,1.013577,3.061132,0.000000
1669126839.086341,1.019798,3.061291,0.000000
1669126839.286898,0.998598,3.063760,0.000000
1669126839.486316,1.014822,3.065037,0.000000
1669126839.686283,1.020802,3.065206,0.000000
1669126839.886789,1.022777,3.065219,0.000000
1669126840.086806,1.022785,3.065216,0.000000
1669126840.286265,1.024159,3.065226,0.000000
1669126840.486259,1.025518,3.065227,0.000000
1669126840.686369,1.025636,3.065228,0.000000
1669126840.886233,1.023883,3.065216,0.000000
1669126841.086477,1.024335,3.065221,0.000000
1669126841.286422,1.024489,3.065220,0.000000
1669126841.486210,1.024547,3.065224,0.000000
1669126841.686213,1.026017,3.065228,0.000000
1669126841.886283,1.025972,3.065224,0.000000
1669126842.086539,1.025972,3.065224,0.000000
1669126842.286396,1.023869,3.065214,0.000000
1669126842.486326,1.024451,3.065219,0.000000
1669126842.686282,1.024222,3.065216,0.000000
1669126842.886303,1.024212,3.065220,0.000000
1669126843.086310,1.024322,3.065222,0.000000
1669126843.286287,1.025424,3.065220,0.000000
1669126843.486340,1.025824,3.065222,0.000000
1669126843.686169,1.025779,3.065221,0.000000
1669126843.886723,1.025030,3.065224,0.000000
1669126844.086283,1.025127,3.065219,0.000000
1669126844.286355,1.025662,3.065223,0.000000
1669126844.486231,1.025633,3.065225,0.000000
1669126844.686324,1.026073,3.065225,0.000000
1669126844.886197,1.025918,3.065228,0.000000
1669126845.086286,1.024776,3.065222,0.000000
1669126845.286183,1.025847,3.065231,0.000000
